ID_Ra,Name,Category,Total kg CO2-eq/kg,Agriculture,iLUC,Food processing,Packaging,Transport,Retail,Energy (KJ/100 g),Fat (g/100 g),Carbohydrate (g/100 g),Protein (g/100 g),ID_food,ID_pack,ID_retail,
Ra00001,"Pepper, sweet, red, raw",Vegetables,1.07,0.61,0.04,0.00,0.14,0.28,0.01,133,0.1,5.2,0.9,Cm039,Pa059,Ma0332,
Ra00002,"Tomato, ripe, raw, origin unknown",Vegetables,0.48,0.21,0.01,0.00,0.14,0.11,0.01,87,0.1,3.2,0.8,Cm167,Pa059,Ma0332,
Ra00003,"Squash, raw",Vegetables,0.84,0.48,0.04,0.00,0.06,0.25,0.01,81,0.2,2.4,1.4,Cm135,Pa040,Ma0332,
Ra00004,"Aubergine, raw",Vegetables,0.99,0.51,0.03,0.00,0.14,0.30,0.01,83,0.1,3.1,0.9,Cm056,Pa059,Ma0332,
Ra00005,"Tomato, dried",Vegetables,2.72,2.04,0.09,0.00,0.26,0.33,0.01,1187,3,43.5,14.1,Fa0152,Pa066,Ma0332,
Ra00006,"Pumpkin, raw",Vegetables,0.84,0.48,0.04,0.00,0.06,0.25,0.01,75,0.1,3.3,0.6,Cm135,Pa040,Ma0332,
Ra00007,"Cucumber, raw",Vegetables,0.40,0.15,0.01,0.00,0.14,0.08,0.01,50,0,1.6,0.7,Cm053,Pa059,Ma0332,
Ra00008,"Gherkin cucumber, raw",Vegetables,0.40,0.15,0.01,0.00,0.14,0.08,0.01,70,0.1,2.1,1.2,Cm053,Pa059,Ma0332,
Ra00009,"Pepper, hot chili, raw",Vegetables,1.07,0.61,0.04,0.00,0.14,0.28,0.01,187,0.2,7.7,2,Cm039,Pa059,Ma0332,
Ra00010,"Beef, topside, cap off, raw",Meat/poultry,67.82,55.10,14.32,-2.69,0.14,0.95,0.00,472,2.5,0,22.3,Fa0034,Pa059,Ma0333,
Ra00011,"Beef, fillet, defatted, raw",Meat/poultry,227.85,185.44,48.19,-9.07,0.14,3.16,0.00,576,6.4,0,20,Fa0035,Pa059,Ma0333,
Ra00012,"Beef, mince, 10-15% fat, raw",Meat/poultry,48.04,39.71,10.37,-2.82,0.14,0.64,0.00,687,9.7,0,19.4,Fa0037,Pa059,Ma0333,
Ra00013,"Beef, rump, raw",Meat/poultry,67.82,55.10,14.32,-2.69,0.14,0.95,0.00,879,14.9,0,19.3,Fa0034,Pa059,Ma0333,
Ra00014,"Beef, mince, 15-20% fat, raw",Meat/poultry,45.47,37.38,9.75,-2.41,0.14,0.62,0.00,903,16.2,0,17.8,Fa0038,Pa059,Ma0333,
Ra00015,"Beef, T-bone steak, raw",Meat/poultry,120.83,98.28,25.54,-4.81,0.14,1.68,0.00,878,14.4,0,20.3,Fa0036,Pa059,Ma0333,
Ra00016,"Beef, mince, 5-10% fat, raw",Meat/poultry,50.61,42.05,10.99,-3.23,0.14,0.67,0.00,683,9.5,0,19.5,Fa0039,Pa059,Ma0333,
Ra00017,"Beer, lager, alc. 4.4 % by vol.",Beverages,0.68,0.19,0.03,0.24,0.17,0.03,0.01,152,0,2.7,0.3,Fa0013,Pa005,Ma0332,
Ra00018,"Beer, Danish household, low alcohol",Beverages,0.68,0.19,0.03,0.24,0.17,0.03,0.01,189,0,8.6,0.3,Fa0013,Pa005,Ma0332,
Ra00019,"Beer, strong, alc. 7.6 % by vol.",Beverages,0.68,0.19,0.03,0.24,0.17,0.03,0.01,260,0,4.6,0.4,Fa0013,Pa005,Ma0332,
Ra00020,"Biscuit, sweet",Bread/bakery products,2.93,0.84,0.07,1.16,0.67,0.18,0.01,1834,10.6,72.5,7.7,Fa0073,Pa024,Ma0332,
Ra00021,"Biscuit, wholemeal, digestive type",Bread/bakery products,2.82,0.73,0.06,1.18,0.67,0.18,0.01,1931,16.5,66.5,7.1,Fa0074,Pa024,Ma0332,
Ra00022,"Butter cookie, wheat, Danish, industrially produced",Bread/bakery products,3.23,1.00,0.05,1.34,0.67,0.17,0.01,2174,27.1,61.7,5.4,Fa0158,Pa024,Ma0332,
Ra00023,American inspired cookie,Bread/bakery products,2.82,0.73,0.06,1.18,0.67,0.18,0.01,2139,26.5,58.4,5.9,Fa0074,Pa024,Ma0332,
Ra00024,Granola bar,Bread/bakery products,4.75,3.09,0.36,0.33,0.67,0.30,0.01,1830,15,57.8,6.7,Fa0210,Pa024,Ma0332,
Ra00025,Wafer sticks,Bread/bakery products,2.74,2.03,-0.08,0.24,0.22,0.32,0.01,2133,25.7,63,4.6,Fa0211,Pa043,Ma0332,
Ra00026,Bread-crumbs,Bread/bakery products,1.84,1.32,0.09,0.28,0.04,0.09,0.01,1488,1.5,69.8,11.6,Fa0005,Pa001,Ma0332,
Ra00027,"Crispbread, knackebrot, rye, coarse",Bread/bakery products,1.62,1.07,0.10,0.31,0.04,0.09,0.01,1449,2,61,10.2,Fa0003,Pa001,Ma0332,
Ra00028,"Wheat bread, for toasting, industrially produced",Bread/bakery products,1.16,0.87,0.06,0.11,0.04,0.07,0.01,1077,2.8,47,8.7,Fa0001,Pa001,Ma0332,
Ra00029,"Bread, white, for sausages",Bread/bakery products,1.16,0.87,0.06,0.11,0.04,0.07,0.01,1065,3.8,43.1,9.5,Fa0001,Pa001,Ma0332,
Ra00030,"Bread, white, roll, coarse grain",Bread/bakery products,1.16,0.87,0.06,0.11,0.04,0.07,0.01,1207,4,49.4,10.5,Fa0001,Pa001,Ma0332,
Ra00031,"Rye bread, dark, whole grains, industrially produced",Bread/bakery products,1.02,0.70,0.06,0.13,0.04,0.07,0.01,843,1.4,36.5,5.5,Fa0002,Pa001,Ma0332,
Ra00032,"Rye bread crumbs with brown sugar, average values",Bread/bakery products,2.21,1.37,0.10,0.45,0.04,0.25,0.01,1473,2,71.2,6.5,Fa0004,Pa001,Ma0332,
Ra00033,"Corn flakes, average values",Cereal/grain/pulse products,2.39,1.22,0.14,0.31,0.58,0.13,0.01,1586,1.4,82,7.5,Fa0149,Pa065,Ma0332,
Ra00034,"Breakfast cereal, müsli, average values",Cereal/grain/pulse products,2.31,1.35,0.15,0.15,0.58,0.07,0.01,1704,11.1,56,10.1,Fa0155,Pa065,Ma0332,
Ra00035,"Breakfast cereal, Guldkorn",Cereal/grain/pulse products,2.68,1.22,0.13,0.55,0.58,0.20,0.01,1638,1.3,78.1,7.2,Fa0151,Pa065,Ma0332,
Ra00036,"Breakfast cereal, Havrefras",Cereal/grain/pulse products,2.06,0.89,0.12,0.37,0.58,0.10,0.01,1601,7.2,56.4,14.2,Fa0150,Pa065,Ma0332,
Ra00037,"Butter, salt added",Milk/eggs/substitute products,3.30,0.12,-0.22,3.11,0.24,0.05,0.00,3047,81.5,0.6,0.7,Fa0281,Pa017,Ma0333,
Ra00038,"Blended spread, 75% fat",Milk/eggs/substitute products,3.21,0.05,-0.14,2.93,0.24,0.13,0.00,2820,75.5,1.1,0.5,Fa0282,Pa017,Ma0333,
Ra00039,"Plain cake, chocolate cake",Bread/bakery products,2.32,0.79,0.06,0.87,0.41,0.18,0.00,1808,23.5,48.8,5.8,Fa0077,Pa028,Ma0333,
Ra00040,"Danish pastry, kanelsnegl",Bread/bakery products,1.90,0.80,-0.04,0.99,0.04,0.10,0.01,1747,22.5,47.6,4.9,Fa0157,Pa001,Ma0332,
Ra00041,"Plain cake, average values",Bread/bakery products,2.32,0.79,0.06,0.87,0.41,0.18,0.00,1775,20.2,53.1,5,Fa0077,Pa028,Ma0333,
Ra00042,"Cream pastry, layer cake",Bread/bakery products,2.32,0.79,0.06,0.87,0.41,0.18,0.00,1264,16.7,34.4,3.3,Fa0077,Pa028,Ma0333,
Ra00043,"Cookie, truffle product / unbaked, industrially produced",Bread/bakery products,3.67,2.00,0.26,0.74,0.47,0.20,0.01,1774,17,58.1,4,Fa0270,Pa046,Ma0332,
Ra00044,"Bacon, frying, raw",Meat/poultry,6.43,6.01,0.34,-0.32,0.14,0.25,0.00,1775,42,0,13,Fa0046,Pa059,Ma0333,
Ra00045,"Sausage, salami",Meat/poultry,5.70,4.16,0.18,1.15,0.02,0.17,0.01,2104,49.2,2.8,13.9,Fa0061,Pa022,Ma0332,
Ra00046,"Pork, ham, boiled, sliced",Meat/poultry,4.28,3.86,0.22,0.02,0.02,0.16,0.00,457,4,0.3,17.9,Fa0064,Pa022,Ma0333,
Ra00047,"Roastbeef, sliced",Meat/poultry,67.91,55.10,14.32,-2.46,0.02,0.93,0.00,504,3.5,0.3,21.7,Fa0069,Pa022,Ma0333,
Ra00048,"Pork, sausage, Danish, raw",Meat/poultry,2.76,2.44,0.14,-0.10,0.14,0.13,0.00,907,17.4,4.7,12.2,Fa0058,Pa059,Ma0333,
Ra00049,"Pork, liver paste, Danish",Meat/poultry,3.96,2.56,0.13,-0.04,1.18,0.13,0.00,989,19.2,4.7,11.3,Fa0212,Pa052,Ma0333,
Ra00050,"Pork, flank, spiced, cooked",Meat/poultry,4.28,3.86,0.22,0.02,0.02,0.16,0.00,854,22.8,nv,nv,Fa0064,Pa022,Ma0333,
Ra00051,"Pork sausage, Thüringer bratwurst",Meat/poultry,2.16,1.82,0.11,0.12,0.02,0.09,0.00,1172,24.5,1.1,14.4,Fa0059,Pa022,Ma0333,
Ra00052,"Chicken, breast, boiled, sliced",Meat/poultry,4.78,3.95,0.26,0.21,0.02,0.35,0.00,475,3.2,0.4,20.6,Fa0068,Pa022,Ma0333,
Ra00053,"Chicken, leg, flesh and skin, raw",Meat/poultry,1.98,1.58,0.11,-0.01,0.14,0.16,0.00,635,8.7,0,18.4,Fa0050,Pa059,Ma0333,
Ra00054,"Chicken, drumstick, flesh and skin, raw",Meat/poultry,1.88,1.50,0.10,-0.01,0.14,0.15,0.00,647,8.9,0,18.7,Fa0051,Pa059,Ma0333,
Ra00055,"Chicken, breast, flesh and skin, raw",Meat/poultry,5.20,4.40,0.28,-0.02,0.14,0.40,0.00,623,6.9,0,21.5,Fa0052,Pa059,Ma0333,
Ra00056,"Chicken, sausage",Meat/poultry,1.93,1.46,0.10,0.21,0.02,0.14,0.00,806,15,1.9,12.8,Fa0060,Pa022,Ma0333,
Ra00057,"Chicken, hen, flesh and skin, raw",Meat/poultry,3.27,2.71,0.18,-0.01,0.14,0.25,0.00,888,15.9,0,17.1,Fa0049,Pa059,Ma0333,
Ra00058,"Tea, leaves",Beverages,16.71,10.60,1.65,1.47,1.94,1.05,0.01,961,2,3,19.6,Fa0022,Pa016,Ma0332,
Ra00059,"Coffee, instant, powder",Beverages,17.28,9.92,1.13,2.43,3.20,0.61,0.01,1270,1.7,11,19.5,Fa0020,Pa014,Ma0332,
Ra00060,"Coffee bean, roasted, ground",Beverages,6.90,5.50,0.61,0.21,0.24,0.35,0.01,1668,15.4,28.5,14.6,Fa0021,Pa015,Ma0332,
Ra00061,"Cocoa, instant, without milk, powder",Beverages,17.30,14.89,2.59,-5.14,4.31,0.65,0.01,1660,3.8,73.6,5.3,Fa0075,Pa025,Ma0332,
Ra00062,"Cocoa, powder",Beverages,17.30,14.89,2.59,-5.14,4.31,0.65,0.01,1682,21.9,10.5,22.5,Fa0075,Pa025,Ma0332,
Ra00063,"Lamb, flank, spiced, cooked",Meat/poultry,32.77,33.11,3.79,-4.55,0.02,0.41,0.00,1498,31.7,0,19,Fa0066,Pa022,Ma0333,
Ra00064,"Sausage, beef salami",Meat/poultry,49.16,38.94,10.05,-0.54,0.02,0.68,0.01,1681,36.2,0,20.1,Fa0063,Pa022,Ma0332,
Ra00065,"Pork, saddle, smoked, boiled",Meat/poultry,4.28,3.86,0.22,0.02,0.02,0.16,0.00,508,4.9,0,18.4,Fa0067,Pa022,Ma0333,
Ra00066,"Salad dressing, oil and vinegar",Seasonings/preservatives/extracts,3.43,0.24,-0.11,2.84,0.42,0.03,0.01,1446,34.3,9.8,0.6,Fa0213,Pa063,Ma0332,
Ra00067,"Salad dressing, thousand island",Seasonings/preservatives/extracts,3.11,0.39,0.05,2.08,0.42,0.16,0.01,1547,35.1,12.7,1.1,Fa0214,Pa063,Ma0332,
Ra00068,"Water, tap, drinking, average values",Beverages,0.00,0.00,0.00,0.00,0.00,0.00,0.00,0,0,0,0,Ma0283,,,
Ra00069,"Duck, flesh only, raw",Meat/poultry,3.27,2.71,0.18,0.00,0.14,0.24,0.00,530,5.1,0,18.3,Fa0283,Pa059,Ma0333,
Ra00070,"Goose, flesh only, raw",Meat/poultry,3.27,2.71,0.18,0.00,0.14,0.24,0.00,663,7.1,0,22.8,Fa0284,Pa059,Ma0333,
Ra00071,Mackerel mayonnaise salad,Seasonings/preservatives/extracts,2.34,0.26,-0.02,1.82,0.24,0.04,0.00,1643,39.1,2.5,8.9,Fa0220,Pa017,Ma0333,
Ra00072,Sauce gravad lax,Seasonings/preservatives/extracts,1.86,0.45,0.04,0.60,0.64,0.13,0.00,2322,56,13.1,1.6,Fa0221,Pa042,Ma0333,
Ra00073,Italian mayonnaise salad,Seasonings/preservatives/extracts,3.13,0.20,0.01,1.91,0.64,0.37,0.01,1266,29.7,7.2,1.9,Fa0119,Pa042,Ma0332,
Ra00074,Curry mayonnaise salad,Seasonings/preservatives/extracts,3.13,0.20,0.01,1.91,0.64,0.37,0.01,1548,37.1,8.3,1.7,Fa0119,Pa042,Ma0332,
Ra00075,"Yogurt plain, whole milk",Milk/eggs/substitute products,0.73,0.47,-0.24,0.17,0.26,0.07,0.00,260,3.6,3.6,3.7,Fa0082,Pa033,Ma0333,
Ra00076,"Cream, cultured, 18 % fat",Milk/eggs/substitute products,1.57,0.36,-0.23,1.13,0.26,0.06,0.00,793,18.6,2.8,2.8,Fa0285,Pa033,Ma0333,
Ra00077,"Skyr, 0.2 % fat",Milk/eggs/substitute products,1.03,1.04,-0.52,0.14,0.26,0.12,0.00,297,0.2,4,10.8,Fa0287,Pa033,Ma0333,
Ra00078,"Cheese, firm, Danbo, 45 % fidm.",Milk/eggs/substitute products,5.41,4.46,-2.34,2.52,0.35,0.42,0.00,1348,25,0.1,23.2,Fa0085,Pa034,Ma0333,
Ra00079,"Cheese, hard, Parmesan, 32 % fidm.",Milk/eggs/substitute products,5.41,4.46,-2.34,2.52,0.35,0.42,0.00,1488,24.1,0.1,32.9,Fa0085,Pa034,Ma0333,
Ra00080,"Cheese, semihard, Mozzarella, 30 % fidm.",Milk/eggs/substitute products,5.41,4.46,-2.34,2.52,0.35,0.42,0.00,1163,17.7,0.1,28.3,Fa0085,Pa034,Ma0333,
Ra00081,"Herring, pickled, canned",Seafood,5.35,1.05,0.20,2.42,1.56,0.13,0.00,1138,16.2,20.9,11.9,Fa0224,Pa042,Ma0333,
Ra00082,"Fish balls, canned",Seafood,2.19,0.21,0.05,1.26,0.63,0.04,0.01,261,1,4.9,8.3,Fa0215,Pa051,Ma0332,
Ra00083,"Fish pudding, raw",Seafood,2.84,0.30,0.10,1.75,0.64,0.04,0.00,466,2.8,12.8,8.5,Fa0217,Pa070,Ma0333,
Ra00084,"Cod, liver, canned",Seafood,9.03,0.00,0.01,2.49,6.50,0.02,0.01,2192,55.1,1,4.6,Fa0362,Pa058,Ma0332,
Ra00085,"Cod, roe, canned",Seafood,4.24,0.00,0.16,2.49,1.56,0.02,0.01,417,3.7,2.7,13.7,Fa0363,Pa072,Ma0332,
Ra00086,"Shrimps, canned",Seafood,9.71,3.39,0.67,3.87,1.56,0.22,0.01,336,1.2,0.8,16.5,Fa0364,Pa072,Ma0332,
Ra00087,"Cod, fillet, breaded, raw",Seafood,2.41,0.40,0.12,1.58,0.26,0.05,0.00,486,0.8,12.9,13.7,Fa0218,Pa066,Ma0333,
Ra00088,"Caviar, Danish (roe, lump-sucker)",Seafood,4.16,0.00,0.18,2.49,1.47,0.02,0.01,443,5.7,0.8,12.9,Fa0365,Pa060,Ma0332,
Ra00089,"Fish cake, fried",Seafood,3.35,0.40,0.12,2.14,0.64,0.04,0.00,650,6.7,9.8,13.7,Fa0216,Pa070,Ma0333,
Ra00090,"Cod, liver, smoked",Seafood,3.58,0.00,0.21,3.20,0.14,0.02,0.00,2568,66.6,1,5.1,Fa0366,Pa059,Ma0333,
Ra00091,"Cod, liver, raw",Seafood,2.81,0.00,0.15,2.49,0.14,0.02,0.00,2568,66.6,1,5.1,Fa0367,Pa059,Ma0333,
Ra00092,"Lobster, canned",Seafood,6.35,2.81,0.49,1.31,1.56,0.19,0.01,379,1.5,0.3,18.7,Fa0368,Pa072,Ma0332,
Ra00093,"Mussels, in water, canned",Seafood,1.69,0.00,0.02,0.08,1.56,0.02,0.01,433,3,0,17,Fa0369,Pa072,Ma0332,
Ra00094,"Tuna, in tomato sauce, canned",Seafood,4.48,0.33,0.17,2.77,1.17,0.03,0.01,478,2.9,4.6,17.2,Fa0118,Pa041,Ma0332,
Ra00095,"Cod, roe, raw",Seafood,4.15,0.00,0.17,2.49,1.47,0.02,0.00,508,2.6,1.5,23.2,Fa0370,Pa060,Ma0333,
Ra00096,"Crab claws, meat, raw",Seafood,9.77,1.22,0.47,7.97,0.08,0.03,0.00,473,1.8,0,22.9,Fa0371,Pa062,Ma0333,
Ra00097,"Caviar, made from capelin roe",Seafood,4.15,0.00,0.17,2.49,1.47,0.02,0.00,770,14,5.7,9.1,Fa0372,Pa060,Ma0333,
Ra00098,"Tuna, in water, canned",Seafood,4.03,0.00,0.17,2.65,1.17,0.02,0.01,451,1.2,0,23.9,Fa0117,Pa041,Ma0332,
Ra00099,"Halibut, greenland, smoked",Seafood,2.69,0.56,0.17,1.80,0.14,0.03,0.00,838,16.1,0,14.3,Fa0373,Pa059,Ma0333,
Ra00100,"Fish fillet, breaded, deepfried",Seafood,2.71,0.45,0.14,1.81,0.26,0.04,0.00,1201,16.1,21.9,13.4,Fa0222,Pa066,Ma0333,
Ra00101,"Fish fingers, breaded, frozen",Seafood,2.37,0.40,0.15,1.52,0.24,0.05,0.02,787,8.4,15.2,12.8,Fa0223,Pa069,Ma0334,
Ra00102,"Rye flour, dark, whole meal",Cereal/grain/pulse products,1.17,0.78,0.09,0.03,0.20,0.07,0.01,1403,2.3,54.8,9.4,Fa0138,Pa018,Ma0332,
Ra00103,"Wheat, flour, wholemeal",Cereal/grain/pulse products,1.24,0.86,0.07,0.03,0.20,0.07,0.01,1398,2.4,46.8,11.4,Fa0137,Pa018,Ma0332,
Ra00104,"Rye kernels, whole/cracked",Cereal/grain/pulse products,1.17,0.78,0.09,0.03,0.20,0.07,0.01,1401,2.3,58.2,9.7,Fa0138,Pa018,Ma0332,
Ra00105,"Wheat, kernels, whole/cracked",Cereal/grain/pulse products,1.24,0.86,0.07,0.03,0.20,0.07,0.01,1438,2,61.9,11.5,Fa0137,Pa018,Ma0332,
Ra00106,Rice flour,Cereal/grain/pulse products,5.12,4.37,0.17,0.00,0.20,0.38,0.01,1527,1.3,78.9,7.7,Fa0140,Pa018,Ma0332,
Ra00107,Corn flour,Cereal/grain/pulse products,1.61,1.23,0.10,-0.02,0.20,0.10,0.01,1528,2.8,88.3,6.8,Fa0139,Pa018,Ma0332,
Ra00108,"Eggs, chicken, free-range hens (indoor), raw",Milk/eggs/substitute products,0.97,0.57,0.07,0.00,0.24,0.09,0.01,580,9.5,1.1,12.3,Am009,Pa069,Ma0332,
Ra00109,"Burbot, raw",Seafood,7.14,4.07,0.61,2.26,0.14,0.06,0.00,297,0.5,0,16.4,Fa0409,Pa059,Ma0333,
Ra00110,"Perch, raw",Seafood,4.08,2.45,0.22,1.23,0.14,0.03,0.00,327,1.3,0,16.4,Fa0410,Pa059,Ma0333,
Ra00111,"Pikeperch, raw",Seafood,3.67,2.72,0.29,0.49,0.14,0.03,0.00,368,0.7,0.5,19.2,Fa0411,Pa059,Ma0333,
Ra00112,"Pike, raw",Seafood,3.67,2.72,0.29,0.49,0.14,0.03,0.00,379,1.2,0,19,Fa0412,Pa059,Ma0333,
Ra00113,"Bream, raw",Seafood,8.03,4.57,0.60,2.51,0.14,0.21,0.00,452,4,0,16.7,Fa0413,Pa059,Ma0333,
Ra00114,"Charr, raw",Seafood,6.91,4.07,0.59,2.04,0.14,0.06,0.00,414,2.7,0,18.5,Fa0414,Pa059,Ma0333,
Ra00115,"Trout, raw",Seafood,1.33,0.62,0.20,0.35,0.14,0.03,0.00,553,6.7,0,17.9,Fa0415,Pa059,Ma0333,
Ra00116,"Whitefish, raw",Seafood,7.14,4.07,0.61,2.26,0.14,0.06,0.00,478,3,0,21.6,Fa0416,Pa059,Ma0333,
Ra00117,"Fruit juice, mixed, sweetened, concentrated",Beverages,2.52,1.29,0.08,0.26,0.31,0.59,0.01,741,0,43.4,0.2,Fa0031,Pa021,Ma0332,
Ra00118,"Elderberry, juice, concentrated, sugar added",Beverages,4.00,2.84,0.25,0.26,0.31,0.35,0.01,931,0.5,53.2,0.5,Fa0030,Pa021,Ma0332,
Ra00119,"Olives, green, pickled, canned",Seasonings/preservatives/extracts,2.05,1.03,0.11,0.22,0.51,0.17,0.01,554,11.7,5,1,Fa0143,Pa047,Ma0332,
Ra00120,"Pear, canned",Fruit/vegetable products,0.95,0.39,0.04,0.20,0.22,0.09,0.01,299,0.2,15.7,0.3,Fa0131,Pa043,Ma0332,
Ra00121,"Nut paste with cacao, spreads",Candy/sugar products,5.16,3.00,0.09,1.26,0.42,0.39,0.01,2192,30,54.5,7,Fa0114,Pa053,Ma0332,
Ra00122,"Orange juice, canned",Beverages,1.49,0.68,0.05,0.09,0.31,0.37,0.01,180,0.1,8.4,0.6,Fa0028,Pa021,Ma0332,
Ra00123,"Pineapple, canned",Fruit/vegetable products,1.13,0.28,0.03,0.22,0.22,0.37,0.01,269,0.3,3.7,0.4,Fa0133,Pa043,Ma0332,
Ra00124,Strawberry jam,Fruit/vegetable products,2.21,1.06,0.06,0.47,0.32,0.30,0.01,857,0.3,49,0.3,Fa0116,Pa054,Ma0332,
Ra00125,"Raisins, seedless",Fruit/vegetable products,3.58,2.39,0.18,0.41,0.26,0.33,0.01,1412,1.6,68.8,3.2,Fa0154,Pa066,Ma0332,
Ra00126,Raspberry marmalade,Fruit/vegetable products,2.21,1.06,0.06,0.47,0.32,0.30,0.01,860,0.6,48.1,0.6,Fa0116,Pa054,Ma0332,
Ra00127,"Hare, raw",Meat/poultry,3.27,2.71,0.18,0.00,0.14,0.24,0.00,471,1.9,0,21.6,Fa0288,Pa059,Ma0333,
Ra00128,"Rabbit, flesh only, raw",Meat/poultry,3.27,2.71,0.18,0.00,0.14,0.24,0.00,495,4,0,20.4,Fa0289,Pa059,Ma0333,
Ra00129,"Pheasant, flesh and skin, raw",Meat/poultry,3.27,2.71,0.18,0.00,0.14,0.24,0.00,712,9.3,0,21.7,Fa0290,Pa059,Ma0333,
Ra00130,"Squab (pigeon), raw",Meat/poultry,3.27,2.71,0.18,0.00,0.14,0.24,0.00,1190,23.8,0,18.2,Fa0291,Pa059,Ma0333,
Ra00131,"Barley groats, raw",Cereal/grain/pulse products,1.78,1.37,0.12,-0.02,0.20,0.10,0.01,1476,2.4,62.2,9.9,Fa0142,Pa018,Ma0332,
Ra00132,"Oats, rolled, not enriched",Cereal/grain/pulse products,1.94,1.51,0.14,-0.02,0.20,0.10,0.01,1541,6.7,57,14.2,Fa0141,Pa018,Ma0332,
Ra00133,"Rice groats, raw",Cereal/grain/pulse products,5.09,4.37,0.17,-0.03,0.20,0.38,0.01,1528,1.3,78.1,6.8,Fa0025,Pa018,Ma0332,
Ra00134,"Parsley, raw",Vegetables,0.45,0.25,0.03,0.00,0.14,0.03,0.01,201,1.1,1.2,3.7,Cm173,Pa059,Ma0332,
Ra00135,"Dill, raw",Vegetables,0.45,0.25,0.03,0.00,0.14,0.03,0.01,201,1.1,4.9,3.5,Cm173,Pa059,Ma0332,
Ra00136,"Garlic, raw",Vegetables,1.25,0.87,0.05,0.00,0.06,0.26,0.01,669,0.5,30.9,6.4,Cm068,Pa040,Ma0332,
Ra00137,"Chives, raw",Vegetables,0.43,0.30,0.03,0.00,0.06,0.03,0.01,107,0.6,1.5,2.4,Cm087,Pa040,Ma0332,
Ra00138,"Cress, garden, raw",Vegetables,0.45,0.25,0.03,0.00,0.14,0.03,0.01,111,0.5,0.2,2.8,Cm173,Pa059,Ma0332,
Ra00139,"Olives, black, without stones, in brine",Seasonings/preservatives/extracts,2.05,1.03,0.11,0.22,0.51,0.17,0.01,463,9.8,2.9,1,Fa0143,Pa047,Ma0332,
Ra00140,"Hazelnut, dried",Fruit/vegetable products,6.95,5.36,0.89,0.00,0.26,0.44,0.01,2712,60.6,3.3,15.6,Fa0225,Pa066,Ma0332,
Ra00141,"Sunflower seeds, decorticated, dried",Fruit/vegetable products,3.13,2.29,0.29,0.00,0.26,0.29,0.01,2564,54.4,3.6,24.2,Fa0226,Pa066,Ma0332,
Ra00142,"Sesame seeds, decorticated",Fruit/vegetable products,7.30,5.86,0.75,0.07,0.26,0.35,0.01,2657,57.4,1.8,26.8,Fa0227,Pa066,Ma0332,
Ra00143,"Walnuts, dried",Fruit/vegetable products,5.69,4.71,0.41,0.00,0.26,0.31,0.01,2924,64.6,2.8,16.6,Fa0228,Pa066,Ma0332,
Ra00144,"Cashew nuts, dry roasted",Fruit/vegetable products,12.47,11.24,1.68,-1.60,0.26,0.88,0.01,2504,46.4,26.9,18.1,Fa0160,Pa066,Ma0332,
Ra00145,"Pumpkin seeds, dried",Fruit/vegetable products,5.69,4.71,0.41,0.00,0.26,0.31,0.01,2351,45.9,2,36.3,Fa0292,Pa066,Ma0332,
Ra00146,Honey,Prepared/preserved foods,0.81,0.15,0.04,0.14,0.41,0.07,0.01,1391,0,75.1,0.3,Fa0113,Pa064,Ma0332,
Ra00147,"Ice cream, dairy, (wholemilk based)",Prepared/preserved foods,2.71,1.00,-0.23,1.26,0.51,0.15,0.02,649,3,23.5,4,Fa0101,Pa039,Ma0334,
Ra00148,"Ice cream, dairy (cream based)",Prepared/preserved foods,2.71,1.00,-0.23,1.26,0.51,0.15,0.02,865,10,25.1,4,Fa0101,Pa039,Ma0334,
Ra00149,"Ice, popsickle, lemonade",Prepared/preserved foods,1.25,0.29,0.05,0.27,0.51,0.11,0.02,370,2,16.9,0.5,Fa0159,Pa039,Ma0334,
Ra00150,Vinegar,Seasonings/preservatives/extracts,1.58,0.66,0.07,0.40,0.41,0.03,0.01,84,0,5.4,0.4,Fa0015,Pa007,Ma0332,
Ra00151,"Salt, table",Seasonings/preservatives/extracts,0.44,0.00,0.03,0.21,0.20,0.00,0.01,0,0,0,0,Em034,Pa018,Ma0332,
Ra00152,"Rhubarb, raw",Vegetables,0.38,0.25,0.03,0.00,0.06,0.03,0.01,108,0.3,1.9,0.9,Cm173,Pa040,Ma0332,
Ra00153,"Celery, raw",Vegetables,0.38,0.25,0.03,0.00,0.06,0.03,0.01,98,0.2,1.9,0.7,Cm173,Pa040,Ma0332,
Ra00154,"Cauliflower, all varieties, raw",Vegetables,0.63,0.42,0.04,0.00,0.06,0.11,0.01,116,0.4,1.9,2.4,Cm029,Pa040,Ma0332,
Ra00155,"Broccoli, raw",Vegetables,0.63,0.42,0.04,0.00,0.06,0.11,0.01,148,0.2,2.1,3.6,Cm029,Pa040,Ma0332,
Ra00156,"Kale, raw",Vegetables,0.29,0.16,0.02,0.00,0.06,0.03,0.01,252,1.1,2,4.7,Cm020,Pa040,Ma0332,
Ra00157,"Cabbage, white, raw",Vegetables,0.29,0.16,0.02,0.00,0.06,0.03,0.01,133,0.2,4.5,1.2,Cm020,Pa040,Ma0332,
Ra00158,"Brussels sprouts, raw",Vegetables,0.29,0.16,0.02,0.00,0.06,0.03,0.01,223,0.5,4.4,4.5,Cm020,Pa040,Ma0332,
Ra00159,"Cabbage, red, raw",Vegetables,0.29,0.16,0.02,0.00,0.06,0.03,0.01,133,0.2,4,1.5,Cm020,Pa040,Ma0332,
Ra00160,"Cabbage, spring, raw",Vegetables,0.29,0.16,0.02,0.00,0.06,0.03,0.01,112,0.3,3,2,Cm020,Pa040,Ma0332,
Ra00161,"Spinach, raw",Vegetables,0.48,0.31,0.03,0.00,0.06,0.08,0.01,102,0.6,0.2,2.6,Cm154,Pa040,Ma0332,
Ra00162,"Artichoke, raw",Vegetables,0.98,0.68,0.04,0.00,0.06,0.19,0.01,218,0.1,8.1,3.3,Cm007,Pa040,Ma0332,
Ra00163,"Asparagus, green, raw",Vegetables,1.08,0.82,0.08,0.00,0.06,0.11,0.01,109,0.3,3.1,1.8,Cm008,Pa040,Ma0332,
Ra00164,"Lettuce, iceberg (incl. crisphead types), raw",Vegetables,0.46,0.27,0.03,0.00,0.06,0.10,0.01,65,0.1,2.4,0.8,Cm090,Pa040,Ma0332,
Ra00165,"Lettuce, looseleaf, raw",Vegetables,0.46,0.27,0.03,0.00,0.06,0.10,0.01,63,0.1,1.5,1.4,Cm090,Pa040,Ma0332,
Ra00166,"Cabbage, Chinese, pak-choi, raw",Vegetables,0.29,0.16,0.02,0.00,0.06,0.03,0.01,61,0.2,1.2,1.5,Cm020,Pa040,Ma0332,
Ra00167,"Cabbage, savoy, raw",Vegetables,0.29,0.16,0.02,0.00,0.06,0.03,0.01,113,0.1,3,2,Cm020,Pa040,Ma0332,
Ra00168,"Cauliflower, frozen",Fruit/vegetable products,0.82,0.52,0.05,0.02,0.06,0.16,0.02,115,0.3,3.7,2,Fa0107,Pa040,Ma0334,
Ra00169,"Leek, raw",Vegetables,0.43,0.30,0.03,0.00,0.06,0.03,0.01,146,0.2,3.7,2,Cm087,Pa040,Ma0332,
Ra00170,"Spinach, chopped, frozen",Fruit/vegetable products,0.64,0.38,0.04,0.02,0.06,0.12,0.02,108,0.5,2.2,2.1,Fa0108,Pa040,Ma0334,
Ra00171,"Broccoli, frozen",Fruit/vegetable products,0.82,0.52,0.05,0.02,0.06,0.16,0.02,113,0.3,1.8,2.8,Fa0109,Pa040,Ma0334,
Ra00172,"Beans, wax, raw",Vegetables,0.95,0.45,0.04,0.00,0.14,0.32,0.01,148,0.2,5.3,2.1,Cm014,Pa059,Ma0332,
Ra00173,"Peas, green, raw",Vegetables,1.27,0.92,0.10,0.00,0.06,0.18,0.01,294,0.7,6.5,5.9,Cm122,Pa040,Ma0332,
Ra00174,"Green lentils, dried",Cereal/grain/pulse products,3.08,2.42,0.25,0.00,0.20,0.19,0.01,1466,2.5,53.2,26.2,Cm089,Pa018,Ma0332,
Ra00175,"Peas, chick/garbanzo, dry, raw",Cereal/grain/pulse products,3.60,2.77,0.36,0.00,0.20,0.26,0.01,1541,6.9,45.9,20.4,Cm036,Pa018,Ma0332,
Ra00176,"Beans, green, raw",Vegetables,0.95,0.45,0.04,0.00,0.14,0.32,0.01,126,0.2,5.9,1.9,Cm014,Pa059,Ma0332,
Ra00177,"Bean sprouts, mung, raw",Fruit/vegetable products,0.95,0.45,0.04,0.00,0.14,0.32,0.01,143,0.2,4.1,3,Cm014,Pa059,Ma0332,
Ra00178,"Bean sprouts, average values, raw",Fruit/vegetable products,0.95,0.45,0.04,0.00,0.14,0.32,0.01,157,0.3,5.1,3,Cm014,Pa059,Ma0332,
Ra00179,"Sugar pea (Snow pea, Mangetout) raw",Vegetables,1.34,0.92,0.10,0.00,0.14,0.18,0.01,202,0.3,6.4,3.8,Cm122,Pa059,Ma0332,
Ra00180,"Beans, soy, dried, raw",Cereal/grain/pulse products,1.84,1.28,0.19,0.00,0.20,0.16,0.01,1720,18.4,17.5,35.8,Cm152,Pa018,Ma0332,
Ra00181,"Peas, green, frozen",Vegetables,1.62,1.15,0.12,0.02,0.06,0.24,0.02,310,0.7,8.4,6.1,Fa0110,Pa040,Ma0334,
Ra00182,"Water, bottled, carbonated",Beverages,0.19,0.00,0.01,0.02,0.13,0.02,0.01,17,0,0,0,Fa0012,Pa011,Ma0332,
Ra00183,"Soft drink, sugar added",Beverages,0.59,0.15,0.02,0.14,0.20,0.07,0.01,170,0,9.9,0,Fa0008,Pa003,Ma0332,
Ra00184,"Apple juice, canned or bottled",Beverages,1.68,0.54,0.04,0.60,0.31,0.18,0.01,204,0.1,10.2,0.1,Fa0032,Pa021,Ma0332,
Ra00185,"Sherry, dry",Beverages,2.91,1.05,0.08,1.04,0.37,0.37,0.01,487,0,1.3,0.2,Fa0018,Pa008,Ma0332,
Ra00186,"Liqueur, coffee with cream",Beverages,3.56,1.45,0.02,1.34,0.37,0.38,0.01,1382,15.7,20,2.8,Fa0019,Pa008,Ma0332,
Ra00187,"Margarine, 70 % fat, table use, soft, vegetable fat",Milk/eggs/substitute products,2.49,0.00,-0.04,2.11,0.24,0.18,0.00,2806,70.6,0,0.8,Fa0023,Pa017,Ma0333,
Ra00188,"Garfish, raw",Seafood,2.63,0.44,0.14,1.87,0.14,0.03,0.00,450,3.2,0,19.5,Fa0417,Pa059,Ma0333,
Ra00189,"Salmon, Atlantic, wild, raw",Seafood,2.09,0.44,0.12,1.36,0.14,0.03,0.00,666,7.5,0,18.4,Fa0419,Pa059,Ma0333,
Ra00190,"Mackerel, raw",Seafood,1.98,0.44,0.11,1.26,0.14,0.03,0.00,780,12.9,0,17.8,Fa0420,Pa059,Ma0333,
Ra00191,"Plaice, raw",Seafood,2.81,0.44,0.15,2.04,0.14,0.03,0.00,369,1.9,0,17.5,Fa0421,Pa059,Ma0333,
Ra00192,"Herring, raw",Seafood,2.23,0.44,0.12,1.49,0.14,0.03,0.00,784,13.6,0,16.5,Fa0422,Pa059,Ma0333,
Ra00193,"Saithe, raw",Seafood,2.81,0.44,0.15,2.04,0.14,0.03,0.00,333,0.7,0,18.1,Fa0423,Pa059,Ma0333,
Ra00194,"Cod, fillet, raw",Seafood,2.81,0.44,0.15,2.04,0.14,0.03,0.00,320,0.6,0,17.6,Fa0424,Pa059,Ma0333,
Ra00195,"Plaice, fillet, breaded, dybfrost",Seafood,2.45,0.40,0.13,1.59,0.26,0.05,0.02,577,1.1,19.1,11.9,Fa0219,Pa066,Ma0334,
Ra00196,"Saithe (UK), pollock (US), fillet, frozen",Seafood,2.71,0.44,0.15,1.92,0.14,0.03,0.02,387,0.9,0,20.5,Fa0425,Pa059,Ma0334,
Ra00197,"Tuna, raw",Seafood,3.10,0.44,0.17,2.32,0.14,0.03,0.00,496,1.1,0,26.8,Fa0426,Pa059,Ma0333,
Ra00198,"Salmon, Atlantic, aquaculture, cold smoked",Seafood,2.78,0.56,0.17,1.80,0.14,0.11,0.00,711,8.9,1.6,20.9,Fa0393,Pa059,Ma0333,
Ra00199,"Salmon, atlantic, aquaculture, hot smoked",Seafood,3.08,0.56,0.17,2.10,0.14,0.11,0.00,1108,20.7,0,20.1,Fa0394,Pa059,Ma0333,
Ra00200,"Salmon, atlantic, aquaculture, raw",Seafood,2.09,0.44,0.12,1.36,0.14,0.03,0.00,947,18.3,0,15.8,Fa0418,Pa059,Ma0333,
Ra00201,"Mayonnaise, low fat",Seasonings/preservatives/extracts,1.17,0.12,0.01,0.35,0.64,0.05,0.01,1899,51.3,0,0,Fa0120,Pa042,Ma0332,
Ra00202,Mayonnaise,Seasonings/preservatives/extracts,3.13,0.20,0.01,1.91,0.64,0.37,0.01,3002,80,0.1,1.1,Fa0119,Pa042,Ma0332,
Ra00203,"Remoulade, average values",Seasonings/preservatives/extracts,1.86,0.54,0.06,0.71,0.42,0.13,0.01,1568,36.8,12,1.1,Fa0121,Pa063,Ma0332,
Ra00204,"Oyster, raw",Seafood,0.84,0.00,0.01,0.45,0.08,0.31,0.00,258,1.5,4.2,7.8,Fa0395,Pa062,Ma0333,
Ra00205,"Mussel, raw",Seafood,0.19,0.00,0.00,0.08,0.08,0.02,0.00,348,2.2,0,11.9,Fa0398,Pa062,Ma0333,
Ra00206,"Octopus, raw",Seafood,0.38,0.00,0.01,0.08,0.26,0.02,0.00,324,0.9,1.5,16.4,Fa0399,Pa066,Ma0333,
Ra00207,"Mushroom, raw",Vegetables,0.38,0.06,0.01,0.00,0.26,0.04,0.00,110,0.3,0,2.9,Cm101,Pa066,Ma0333,
Ra00208,Oyster mushroom,Vegetables,0.38,0.06,0.01,0.00,0.26,0.04,0.00,182,0.4,6.5,3.3,Cm101,Pa066,Ma0333,
Ra00209,"Almondmilk, unfortified",Milk/eggs/substitute products,0.53,0.33,0.04,0.02,0.08,0.05,0.01,196,2.2,4.3,0.8,Fa0145,Pa035,Ma0332,
Ra00210,"Ricemilk, with added calcium",Milk/eggs/substitute products,1.40,1.12,0.05,0.03,0.08,0.11,0.01,230,0.9,6.9,0.1,Fa0146,Pa035,Ma0332,
Ra00211,"Oatmilk, with added calcium",Milk/eggs/substitute products,0.40,0.12,0.02,0.14,0.08,0.03,0.01,190,1.6,5.6,0.6,Fa0147,Pa035,Ma0332,
Ra00212,"Soymilk, with added calcium",Milk/eggs/substitute products,0.46,0.18,0.04,0.10,0.08,0.05,0.01,190,1.9,3.3,3.6,Fa0144,Pa035,Ma0332,
Ra00213,"Bouillon, chicken, prepared",Seasonings/preservatives/extracts,0.35,0.01,0.02,0.15,0.13,0.03,0.01,18,0.2,0.3,0.3,Fa0071,Pa020,Ma0332,
Ra00214,"Meat balls, canned",Prepared/preserved foods,16.13,12.73,3.01,-0.52,0.63,0.27,0.01,525,9.6,2.9,7.1,Fa0229,Pa051,Ma0332,
Ra00215,"Bouillon, beef, prepared",Seasonings/preservatives/extracts,0.55,0.17,0.06,0.15,0.13,0.03,0.01,30,0.2,0.1,1.1,Fa0072,Pa020,Ma0332,
Ra00216,"Meat balls, average values",Meat/poultry,16.13,12.73,3.01,-0.52,0.63,0.27,0.01,603,9.5,6,8.8,Fa0229,Pa051,Ma0332,
Ra00217,"Dumplings, average values",Prepared/preserved foods,1.33,0.42,0.00,0.57,0.26,0.06,0.00,764,11.6,12.8,5.4,Fa0231,Pa066,Ma0333,
Ra00218,"Meat balls, frozen",Prepared/preserved foods,15.79,12.73,3.01,-0.50,0.26,0.27,0.02,679,9.4,9,10.5,Fa0230,Pa066,Ma0334,
Ra00219,"Soup, tomato, ready to eat",Prepared/preserved foods,2.19,1.18,0.06,0.58,0.22,0.13,0.01,304,1.5,12.7,1.6,Fa0161,Pa043,Ma0332,
Ra00220,"Bouillon, beef, concentrated, cube",Seasonings/preservatives/extracts,9.94,6.84,1.82,0.63,0.41,0.24,0.01,676,3.2,12,17,Fa0070,Pa023,Ma0332,
Ra00221,"Dumplings, frozen",Prepared/preserved foods,1.37,0.42,0.01,0.59,0.26,0.06,0.02,792,13,9.8,7,Fa0232,Pa066,Ma0334,
Ra00222,"Chicken, grilled, fast food",Prepared/preserved foods,4.71,2.98,0.21,0.07,1.18,0.27,0.00,888,11.2,0,28,Fa0162,Pa052,Ma0333,
Ra00223,"Chicken nuggets, deepfried, ready meals",Prepared/preserved foods,4.34,2.90,0.19,0.71,0.26,0.25,0.02,1171,16.1,19.1,14.7,Fa0163,Pa066,Ma0334,
Ra00224,"Pizza with tomato and cheese, ready meals",Bread/bakery products,2.44,1.16,-0.38,1.34,0.21,0.11,0.00,1351,13.5,35.7,13.3,Fa0091,Pa038,Ma0333,
Ra00225,"Pizza with seafood, tomato and cheese, ready meals",Bread/bakery products,3.63,1.59,0.00,1.71,0.21,0.11,0.00,1073,10,26.7,13.8,Fa0092,Pa038,Ma0333,
Ra00226,"Pizza with salami, tomato and cheese, ready meals",Bread/bakery products,3.04,1.59,-0.10,1.23,0.21,0.10,0.00,1308,14.5,31.7,12.8,Fa0093,Pa038,Ma0333,
Ra00227,"Pizza with vegetables, fruit, tomato and cheese, ready meals",Bread/bakery products,2.32,0.77,-0.12,1.35,0.21,0.11,0.00,921,8.4,26.8,8.1,Fa0094,Pa038,Ma0333,
Ra00228,"Pizza with meat, tomato and cheese, ready meals",Bread/bakery products,4.56,2.76,0.34,1.09,0.21,0.16,0.00,1081,9.8,29.5,11.8,Fa0095,Pa038,Ma0333,
Ra00229,"Pizza with meat and seafood, tomato and cheese, ready meals",Bread/bakery products,4.10,2.18,0.17,1.40,0.21,0.14,0.00,958,9.3,22.4,12.8,Fa0096,Pa038,Ma0333,
Ra00230,"Veal and pork, mince, 15-20% fat, raw",Meat/poultry,22.04,18.07,4.35,-0.88,0.14,0.35,0.00,904,16.4,0,17.6,Fa0164,Pa059,Ma0333,
Ra00231,Goat milk,Milk/eggs/substitute products,2.80,2.24,0.01,0.12,0.08,0.34,0.00,289,4.1,4.4,3.5,Fa0081,Pa035,Ma0333,
Ra00232,Marzipan,Candy/sugar products,12.08,9.19,0.91,0.29,0.67,1.01,0.01,1997,26.5,42,13.3,Fa0165,Pa024,Ma0332,
Ra00233,"Syrup, kitchen",Candy/sugar products,1.75,1.09,0.09,0.05,0.42,0.09,0.01,1307,0,76.7,0.3,Fa0166,Pa063,Ma0332,
Ra00234,"Pasta, raw",Prepared/preserved foods,2.05,1.18,0.09,0.18,0.23,0.36,0.01,1532,1.8,73.9,13.5,Fa0006,Pa002,Ma0332,
Ra00235,"Apple, raw, all varieties",Fruit/vegetable products,0.61,0.34,0.02,0.00,0.14,0.10,0.01,233,0.2,10.9,0.3,Cm004,Pa059,Ma0332,
Ra00236,"Pear, raw",Fruit/vegetable products,0.46,0.24,0.03,0.00,0.14,0.04,0.01,207,0.1,8.3,0.3,Cm120,Pa059,Ma0332,
Ra00237,"Grape, raw",Fruit/vegetable products,0.88,0.54,0.04,0.00,0.14,0.16,0.01,285,0,15.3,0.6,Cm073,Pa059,Ma0332,
Ra00238,"Pork, collar with rind, raw",Meat/poultry,4.64,4.30,0.25,-0.23,0.14,0.19,0.00,1139,23.4,0,16.1,Fa0041,Pa059,Ma0333,
Ra00239,"Pork, ham, topside (M. Semimembranosus), lean, raw",Meat/poultry,4.64,4.30,0.25,-0.23,0.14,0.19,0.00,446,2.2,0,21.4,Fa0042,Pa059,Ma0333,
Ra00240,"Pork, loin, lean, raw",Meat/poultry,5.53,5.16,0.29,-0.27,0.14,0.22,0.00,450,1.9,0,22.3,Fa0043,Pa059,Ma0333,
Ra00241,"Pork, tenderloin, trimmed, raw",Meat/poultry,7.32,6.87,0.39,-0.37,0.14,0.28,0.00,484,3.3,0,21.2,Fa0044,Pa059,Ma0333,
Ra00242,"Pork, mince, 5-10% fat, raw",Meat/poultry,3.67,3.87,0.25,-0.71,0.14,0.13,0.00,726,11.2,0,18.4,Fa0047,Pa059,Ma0333,
Ra00243,"Pork, collar, defatted, raw",Meat/poultry,4.69,4.97,0.32,-0.90,0.14,0.16,0.00,756,12.4,0,17.4,Fa0048,Pa059,Ma0333,
Ra00244,"Pork, mince, 15-20% fat, raw",Meat/poultry,3.75,3.44,0.20,-0.18,0.14,0.15,0.00,929,17.2,0,17.1,Fa0045,Pa059,Ma0333,
Ra00245,"Minced meat, spaghetti sauce type, average values, ready meals",Meat/poultry,19.74,15.38,4.03,-0.60,0.64,0.29,0.00,528,8.3,4.9,8.1,Fa0167,Pa070,Ma0333,
Ra00246,"Turtle, fake, average values, ready meals",Meat/poultry,26.36,20.74,5.36,-0.75,0.63,0.38,0.01,457,6.2,5.5,7.9,Fa0233,Pa051,Ma0332,
Ra00247,"Spring roll, frozen, ready meals",Prepared/preserved foods,3.11,1.46,0.12,0.74,0.64,0.15,0.00,631,6.8,15.5,5.8,Fa0168,Pa070,Ma0333,
Ra00248,"Pork in curry sauce, frozen, ready meals",Meat/poultry,4.72,3.66,0.26,-0.06,0.64,0.19,0.02,497,8.6,2,8.5,Fa0172,Pa070,Ma0334,
Ra00249,"Pizza Romana, frozen, ready meals",Bread/bakery products,2.70,1.54,-0.19,1.01,0.21,0.11,0.02,745,5.8,23.1,7.2,Fa0097,Pa038,Ma0334,
Ra00250,"Liver, pig, in cream sauce, frozen, ready meals",Meat/poultry,2.98,1.37,0.08,0.79,0.64,0.08,0.02,519,5.4,6.9,11.9,Fa0173,Pa070,Ma0334,
Ra00251,"Pizza Napolitana, frozen, ready meals",Bread/bakery products,2.47,1.16,-0.37,1.34,0.21,0.11,0.02,761,6.1,21.9,8.6,Fa0100,Pa038,Ma0334,
Ra00252,"Spring roll, deepfried, ready meals",Prepared/preserved foods,3.11,1.46,0.12,0.74,0.64,0.15,0.00,851,9.8,21.4,6.1,Fa0168,Pa070,Ma0333,
Ra00253,"Pizza with broccoli, frozen, ready meals",Bread/bakery products,2.35,0.77,-0.11,1.35,0.21,0.11,0.02,816,6.7,23.6,8.7,Fa0099,Pa038,Ma0334,
Ra00254,"Pizza with tuna, frozen, ready meals",Bread/bakery products,2.29,0.59,-0.14,1.51,0.21,0.09,0.02,855,5.7,25.9,11,Fa0098,Pa038,Ma0334,
Ra00255,"Pork, minced and bound with flour and egg, boiled, frozen, ready meals",Meat/poultry,2.24,1.36,0.04,0.08,0.64,0.09,0.02,908,15.5,3.9,15.8,Fa0234,Pa070,Ma0334,
Ra00256,"Potato, raw",Vegetables,0.41,0.26,0.02,0.00,0.06,0.06,0.01,326,0.3,17.9,2,Cm132,Pa040,Ma0332,
Ra00257,"Carrot, raw",Vegetables,0.27,0.15,0.02,0.00,0.06,0.04,0.01,152,0.4,6.2,0.7,Cm023,Pa040,Ma0332,
Ra00258,"Radish, raw",Vegetables,0.45,0.25,0.03,0.00,0.14,0.03,0.01,48,0.1,1.3,0.8,Cm173,Pa059,Ma0332,
Ra00259,"Beet, red, raw",Vegetables,0.33,0.19,0.02,0.00,0.06,0.06,0.01,220,0.3,9.9,1.7,Cm157,Pa040,Ma0332,
Ra00260,"Celeriac, celery root, raw",Vegetables,0.38,0.25,0.03,0.00,0.06,0.03,0.01,143,0.3,2,1.8,Cm173,Pa040,Ma0332,
Ra00261,"Ginger root, raw",Vegetables,1.27,0.73,0.05,0.00,0.14,0.35,0.01,352,0.8,16.7,1.8,Cm069,Pa059,Ma0332,
Ra00262,"Fennel, root, raw",Vegetables,0.15,0.00,0.01,0.00,0.14,0.00,0.01,95,0.2,2.9,1.4,Cm003,Pa059,Ma0332,
Ra00263,"Turnip, raw",Vegetables,0.27,0.15,0.02,0.00,0.06,0.04,0.01,110,0.1,3.8,0.6,Cm023,Pa040,Ma0332,
Ra00264,"Onions, chopped, frozen",Fruit/vegetable products,0.38,0.19,0.03,0.02,0.06,0.06,0.02,117,0.1,5,0.8,Fa0111,Pa040,Ma0334,
Ra00265,"Carrot, frozen",Fruit/vegetable products,0.38,0.18,0.02,0.02,0.06,0.07,0.02,124,0.2,4.7,1.1,Fa0112,Pa040,Ma0334,
Ra00266,"Onion, raw",Vegetables,0.27,0.15,0.02,0.00,0.06,0.03,0.01,183,0.1,5.4,1.2,Cm115,Pa040,Ma0332,
Ra00267,"Onions, spring, raw",Vegetables,0.81,0.56,0.04,0.00,0.06,0.14,0.01,139,0.2,4.7,1.8,Cm115,Pa040,Ma0332,
Ra00268,"Cassava, raw",Vegetables,0.70,0.38,0.04,0.00,0.06,0.21,0.01,659,0.3,36.3,1.4,Cm026,Pa040,Ma0332,
Ra00269,"Parsley root, raw",Vegetables,0.95,0.61,0.06,0.00,0.06,0.21,0.01,232,0.6,8,2.3,Cm143,Pa040,Ma0332,
Ra00270,"Cheese, semihard, Feta, 40 % fidm",Milk/eggs/substitute products,1.60,2.67,-1.33,-0.35,0.35,0.26,0.00,1059,19.2,0.5,19,Fa0083,Pa034,Ma0333,
Ra00271,"Cheese, Danish Blue, 50 % fidm.",Milk/eggs/substitute products,5.41,4.46,-2.34,2.52,0.35,0.42,0.00,1450,29.5,0,20.1,Fa0085,Pa034,Ma0333,
Ra00272,"Lamb, leg, unspecified , raw",Meat/poultry,36.43,36.94,4.22,-5.34,0.14,0.48,0.00,749,12,0,17.9,Fa0054,Pa059,Ma0333,
Ra00273,"Lamb, meat, average values, raw",Meat/poultry,36.43,36.94,4.22,-5.34,0.14,0.48,0.00,1365,30.5,0,13.9,Fa0054,Pa059,Ma0333,
Ra00274,"Crayfish, raw",Seafood,2.54,1.12,0.20,0.52,0.26,0.44,0.00,287,0.5,1.2,14.6,Fa0400,Pa066,Ma0333,
Ra00275,"Shrimps, boiled, shell removed",Seafood,8.40,3.39,0.66,3.87,0.26,0.23,0.00,291,0.8,0,15.3,Fa0406,Pa061,Ma0333,
Ra00276,"Lobster, raw",Seafood,2.54,1.12,0.20,0.52,0.26,0.44,0.00,393,1.3,0.8,19.6,Fa0401,Pa066,Ma0333,
Ra00277,"Crab, boiled",Seafood,4.42,0.49,0.19,3.17,0.08,0.49,0.00,541,5.2,0.5,20.1,Fa0402,Pa062,Ma0333,
Ra00278,"Prawn, giant tiger, aquaculture, boiled, frozen",Seafood,10.04,3.89,0.61,5.25,0.08,0.19,0.02,263,0.3,0,14.8,Fa0405,Pa062,Ma0334,
Ra00279,"Shrimp, boiled, in brine",Seafood,8.40,3.39,0.66,3.87,0.26,0.23,0.00,303,0.9,0.4,15.5,Fa0407,Pa061,Ma0333,
Ra00280,"Pop corn, oil and salt added, traditional",Prepared/preserved foods,1.53,0.62,0.02,0.56,0.26,0.07,0.01,1960,20.2,57.9,9.6,Fa0174,Pa066,Ma0332,
Ra00281,"Peanuts, oilroasted and salted",Fruit/vegetable products,3.47,1.91,0.22,0.72,0.26,0.35,0.01,2614,53.3,8.1,28.4,Fa0175,Pa066,Ma0332,
Ra00282,"Strawberry, raw",Fruits,0.65,0.41,0.04,0.00,0.14,0.06,0.01,162,0.6,6.1,0.7,Cm155,Pa059,Ma0332,
Ra00283,"Raspberry, raw",Fruits,1.20,0.89,0.08,0.00,0.14,0.07,0.01,215,1.3,4,1.4,Cm141,Pa059,Ma0332,
Ra00284,"Currant, black, raw",Fruits,0.80,0.55,0.06,0.00,0.14,0.04,0.01,314,1.3,9.9,1.5,Cm054,Pa059,Ma0332,
Ra00285,"Blueberries, raw",Fruits,1.22,0.82,0.07,0.00,0.14,0.18,0.01,219,0.5,10.4,0.7,Cm016,Pa059,Ma0332,
Ra00286,"Blackberry, raw",Fruits,1.38,1.05,0.10,0.00,0.14,0.07,0.01,153,1,4.5,1.4,Cm015,Pa059,Ma0332,
Ra00287,"Rose hip, raw",Fruits,0.72,0.41,0.03,0.00,0.14,0.13,0.01,332,0.5,15,0.6,Cm064,Pa059,Ma0332,
Ra00288,"Elderberry, raw",Fruits,1.38,1.05,0.10,0.00,0.14,0.07,0.01,281,0.5,11.6,0.7,Cm015,Pa059,Ma0332,
Ra00289,"Currant, red, raw",Fruits,0.80,0.55,0.06,0.00,0.14,0.04,0.01,265,1.7,9.3,1.3,Cm054,Pa059,Ma0332,
Ra00290,"Gooseberry, raw",Fruits,1.00,0.66,0.07,0.00,0.14,0.12,0.01,185,0.5,7.3,0.9,Cm070,Pa059,Ma0332,
Ra00291,"Strawberries, frozen, unsweetened",Fruit/vegetable products,0.60,0.12,0.02,0.01,0.06,0.35,0.02,173,0.4,5.9,0.4,Fa0103,Pa040,Ma0334,
Ra00292,"Cranberry, raw",Fruits,0.79,0.42,0.03,0.00,0.14,0.19,0.01,177,0.1,7.6,0.4,Cm052,Pa059,Ma0332,
Ra00293,"Blueberry, frozen, unsweetened",Fruit/vegetable products,0.99,0.42,0.05,0.06,0.06,0.37,0.02,224,0.6,10.7,0.4,Fa0104,Pa040,Ma0334,
Ra00294,"Raspberry, frozen",Fruit/vegetable products,1.34,0.81,0.11,0.15,0.06,0.19,0.02,223,1.3,6.5,1.4,Fa0105,Pa040,Ma0334,
Ra00295,"Cheese, Cream, 60 % fidm.",Milk/eggs/substitute products,5.41,4.46,-2.34,2.52,0.35,0.42,0.00,1379,31.5,2.1,10,Fa0085,Pa034,Ma0333,
Ra00296,"Cheese, Brie, 45 % fidm.",Milk/eggs/substitute products,1.60,2.67,-1.33,-0.35,0.35,0.26,0.00,1182,22,0.1,20.3,Fa0083,Pa034,Ma0333,
Ra00297,"Cheese, cottage, 20 % fidm.",Milk/eggs/substitute products,1.60,2.67,-1.33,-0.35,0.35,0.26,0.00,441,4.4,2.5,13,Fa0083,Pa034,Ma0333,
Ra00298,"Bulgur, parboiled, raw",Cereal/grain/pulse products,1.87,1.32,0.10,0.16,0.20,0.09,0.01,1444,1.9,45.5,11.8,Fa0027,Pa018,Ma0332,
Ra00299,"Sweetcorn, kernels, canned",Fruit/vegetable products,0.69,0.16,0.03,0.14,0.31,0.03,0.01,428,1.1,16.1,3.1,Fa0134,Pa044,Ma0332,
Ra00300,"Rice, parboiled, raw",Cereal/grain/pulse products,5.06,4.17,0.16,0.16,0.20,0.36,0.01,1518,1.2,78.1,8.2,Fa0026,Pa019,Ma0332,
Ra00301,"Quinoa, black, raw",Cereal/grain/pulse products,4.63,3.73,0.43,0.00,0.20,0.26,0.01,1461,6.5,42.3,13.7,Cm138,Pa018,Ma0332,
Ra00302,"Pepper, black",Seasonings/preservatives/extracts,5.19,2.00,0.21,0.00,2.71,0.25,0.01,1274,3.3,44.5,10.9,Cm038,Pa055,Ma0332,
Ra00303,"Mustard, yellow, ready made",Seasonings/preservatives/extracts,1.95,0.67,0.09,0.34,0.78,0.06,0.01,691,6.4,20.2,5.7,Fa0088,Pa037,Ma0332,
Ra00304,Curry powder,Seasonings/preservatives/extracts,6.09,2.76,0.27,0.00,2.71,0.34,0.01,1421,13.8,25.2,12.7,Fa0176,Pa055,Ma0332,
Ra00305,"BITTER, Gammel Dansk Bitter Dram",Beverages,3.57,2.95,0.09,-0.11,0.37,0.27,0.01,885,0,0,0,Fa0016,Pa008,Ma0332,
Ra00306,"Brandy, cognac",Beverages,5.76,2.13,0.15,2.78,0.37,0.33,0.01,928,0,0,0,Fa0017,Pa008,Ma0332,
Ra00307,Vodka,Beverages,3.57,2.95,0.09,-0.11,0.37,0.27,0.01,969,0,0,0,Fa0016,Pa008,Ma0332,
Ra00308,"Aquavit, 40 % vol., average values",Beverages,3.57,2.95,0.09,-0.11,0.37,0.27,0.01,928,0,0,0,Fa0016,Pa008,Ma0332,
Ra00309,"Plum, raw",Fruits,0.90,0.63,0.07,0.00,0.14,0.04,0.01,199,0.3,9.2,0.5,Cm130,Pa059,Ma0332,
Ra00310,"Cherry, raw",Fruits,1.20,0.82,0.07,0.00,0.14,0.17,0.01,234,0.3,11.7,1.4,Cm033,Pa059,Ma0332,
Ra00311,"Chestnut, raw",Fruit/vegetable products,2.31,1.73,0.11,0.00,0.14,0.33,0.01,797,2.7,33.9,2,Cm035,Pa059,Ma0332,
Ra00312,"Prune, dried plum",Fruit/vegetable products,2.73,1.86,0.09,0.41,0.04,0.32,0.01,972,0.7,54.6,2.7,Fa0153,Pa001,Ma0332,
Ra00313,"Apricot, dried",Fruit/vegetable products,2.73,1.86,0.09,0.41,0.04,0.32,0.01,1043,1.7,43.3,3.5,Fa0153,Pa001,Ma0332,
Ra00314,"Apricot, raw",Fruits,0.87,0.53,0.05,0.00,0.14,0.15,0.01,170,0.3,7.3,1.3,Cm005,Pa059,Ma0332,
Ra00315,"Peach, raw",Fruits,0.71,0.38,0.03,0.00,0.14,0.15,0.01,206,0.4,7.8,0.7,Cm119,Pa059,Ma0332,
Ra00316,"Nectarine, raw",Fruits,0.71,0.38,0.03,0.00,0.14,0.15,0.01,177,0,7.8,0.8,Cm119,Pa059,Ma0332,
Ra00317,"Avocado, raw",Fruits,1.22,0.77,0.05,0.00,0.14,0.25,0.01,711,13.1,0.5,1.9,Cm009,Pa059,Ma0332,
Ra00318,"Sugar, sucrose, white",Candy/sugar products,2.66,1.45,0.08,0.47,0.20,0.45,0.01,1698,0,99.9,0,Fa0304,Pa018,Ma0332,
Ra00319,"Sugar, brown",Candy/sugar products,2.45,1.31,0.07,0.44,0.20,0.42,0.01,1624,0,94,0,Fa0305,Pa018,Ma0332,
Ra00320,"Chocolate, milk",Candy/sugar products,4.99,2.35,-0.51,2.42,0.37,0.35,0.01,2278,31.7,62.4,7.1,Fa0136,Pa045,Ma0332,
Ra00321,Nougat,Bread/bakery products,5.89,3.10,0.18,1.53,0.67,0.42,0.01,2297,32.3,55.9,8.7,Fa0177,Pa024,Ma0332,
Ra00322,"Chewing gum, no sugar added, all types",Candy/sugar products,5.94,0.00,0.27,4.35,1.29,0.02,0.01,1451,0,83.6,0.6,Fa0178,Pa067,Ma0332,
Ra00323,"Toffees, mixed",Candy/sugar products,2.92,1.24,-0.16,1.13,0.47,0.23,0.01,2023,20.9,67.7,2.1,Fa0179,Pa046,Ma0332,
Ra00324,"Chocolate, bitter",Candy/sugar products,7.86,5.97,0.89,0.18,0.49,0.33,0.01,2294,31.8,59.6,5.7,Fa0076,Pa026,Ma0332,
Ra00325,"Liquorice, salt",Candy/sugar products,2.72,1.18,0.10,0.92,0.26,0.26,0.01,1507,1,43.4,4.4,Fa0180,Pa066,Ma0332,
Ra00326,Fruit gums,Candy/sugar products,2.68,1.22,0.10,0.83,0.26,0.27,0.01,1482,0.9,74.4,6.6,Fa0181,Pa066,Ma0332,
Ra00327,"Banana, raw",Fruits,0.85,0.43,0.03,0.00,0.14,0.25,0.01,396,0.2,19.7,1.1,Cm010,Pa059,Ma0332,
Ra00328,"Lemon, raw",Fruits,0.67,0.33,0.03,0.00,0.14,0.17,0.01,187,1.1,3.1,0.5,Cm088,Pa059,Ma0332,
Ra00329,"Watermelon, raw",Fruits,0.40,0.22,0.01,0.00,0.00,0.16,0.01,140,0.1,6.5,0.8,Cm177,,Ma0332,
Ra00330,"Orange, raw",Fruits,0.56,0.31,0.03,0.00,0.06,0.16,0.01,205,0.1,8.2,0.9,Cm116,Pa040,Ma0332,
Ra00331,"Melon, honeydew, raw",Fruits,0.60,0.31,0.02,0.00,0.00,0.26,0.01,113,0.2,5.4,0.6,Cm098,,Ma0332,
Ra00332,"Lime, raw",Fruits,0.60,0.33,0.03,0.00,0.06,0.17,0.01,155,0.2,7.7,0.7,Cm088,Pa040,Ma0332,
Ra00333,"Pineapple, raw",Fruits,0.56,0.30,0.02,0.00,0.00,0.24,0.01,234,0.4,10.8,0.5,Cm127,,Ma0332,
Ra00334,"Mango, raw",Fruits,1.01,0.57,0.05,0.00,0.14,0.24,0.01,282,0.5,14.2,0.5,Cm095,Pa059,Ma0332,
Ra00335,"Grapefruit, raw",Fruits,0.77,0.32,0.03,0.00,0.14,0.28,0.01,185,0.3,7,0.9,Cm072,Pa059,Ma0332,
Ra00336,"Tangerine, raw",Fruits,0.65,0.32,0.03,0.00,0.14,0.16,0.01,201,0,8.3,0.8,Cm163,Pa059,Ma0332,
Ra00337,"Kiwi fruit, raw",Fruits,0.75,0.43,0.03,0.00,0.14,0.14,0.01,263,0.8,11.7,1,Cm085,Pa059,Ma0332,
Ra00338,"Turkey, breast, boiled/smoked, sliced",Meat/poultry,4.35,3.65,0.25,0.11,0.02,0.31,0.00,453,1.8,1.7,21,Fa0065,Pa022,Ma0333,
Ra00339,"Turkey, flesh only, raw",Meat/poultry,4.71,4.06,0.28,-0.05,0.14,0.28,0.00,444,2.2,0,21.3,Fa0056,Pa059,Ma0333,
Ra00340,"Turkey, mince, 5-10% fat, raw",Meat/poultry,4.68,3.80,0.25,0.17,0.14,0.32,0.00,657,8.5,0,20.1,Fa0057,Pa059,Ma0333,
Ra00341,"Milk, whole, 3.5 % fat",Milk/eggs/substitute products,0.50,0.48,-0.24,0.12,0.08,0.07,0.00,264,3.5,4.6,3.4,Fa0078,Pa035,Ma0333,
Ra00342,"Milk, partly skimmed, 1.5 % fat",Milk/eggs/substitute products,0.45,0.50,-0.25,0.04,0.08,0.07,0.00,200,1.6,4.7,3.4,Fa0079,Pa035,Ma0333,
Ra00343,"Milk, skimmed, 0.5 % fat",Milk/eggs/substitute products,0.41,0.52,-0.26,0.00,0.08,0.07,0.00,158,0.5,4.8,3.4,Fa0080,Pa035,Ma0333,
Ra00344,"Milk, skimmed, with chocolate (UHT)",Milk/eggs/substitute products,0.73,0.71,-0.18,0.01,0.08,0.10,0.01,251,0.5,9.3,3.5,Fa0084,Pa035,Ma0332,
Ra00345,"Cream, whipping, 38 % fat",Milk/eggs/substitute products,1.73,0.17,-0.16,1.59,0.08,0.04,0.00,1484,38,3,2.1,Fa0286,Pa035,Ma0333,
Ra00346,"Veal, medium fat, raw",Meat/poultry,74.84,60.82,15.81,-2.97,0.14,1.05,0.00,768,11.3,0,20,Fa0033,Pa059,Ma0333,
Ra00347,Peanut butter,Prepared/preserved foods,3.83,1.97,0.23,0.85,0.42,0.36,0.01,2636,53.7,12.2,26.1,Fa0115,Pa053,Ma0332,
Ra00348,Sunflower oil,Oils/fats edible,2.79,0.00,0.00,1.92,0.56,0.30,0.01,3700,100,0,0,Ma0061,Pa036,Ma0332,
Ra00349,Olive oil,Oils/fats edible,5.89,4.33,0.64,-0.03,0.56,0.38,0.01,3700,100,0,0,Fa0086,Pa036,Ma0332,
Ra00350,"Oil, rape seed (no eruca acid)",Oils/fats edible,3.33,0.00,0.02,2.27,0.56,0.47,0.01,3700,100,0,0,Ma0060,Pa036,Ma0332,
Ra00351,"Onions, chopped and deepfried",Fruit/vegetable products,4.25,0.67,-0.03,2.44,1.04,0.11,0.01,2374,48,22.1,6,Fa0182,Pa056,Ma0332,
Ra00352,"Potato crisps, coarse",Prepared/preserved foods,4.24,0.77,-0.01,3.01,0.26,0.21,0.01,2081,26.4,57.2,6.1,Fa0208,Pa066,Ma0332,
Ra00353,"Tofu, soy bean curd",Prepared/preserved foods,2.09,0.71,0.10,0.91,0.26,0.11,0.00,316,4.2,1.2,7.8,Fa0235,Pa066,Ma0333,
Ra00354,"Lentils, sprouted, raw",Vegetables,3.00,2.42,0.24,0.00,0.14,0.19,0.01,522,0.6,19.1,9,Cm089,Pa059,Ma0332,
Ra00355,"Cabbage, red, canned, no sugar added",Fruit/vegetable products,0.79,0.26,0.03,0.20,0.22,0.07,0.01,82,0.1,2.9,0.5,Fa0124,Pa043,Ma0332,
Ra00356,"Tomatojuice, canned",Beverages,1.06,0.30,0.02,0.20,0.22,0.30,0.01,79,0.1,3.3,0.8,Fa0123,Pa043,Ma0332,
Ra00357,"Gherkin, pickled",Fruit/vegetable products,3.07,1.15,0.08,0.92,0.64,0.29,0.01,59,0.2,2.1,0.3,Fa0237,Pa042,Ma0332,
Ra00358,"Potatoes, mashed, instant powder with dry milk",Fruit/vegetable products,5.38,2.37,-0.17,2.10,0.58,0.49,0.01,1408,1.1,62.5,10.9,Fa0266,Pa065,Ma0332,
Ra00359,"Pepper, hot chili, canned",Fruit/vegetable products,1.51,0.72,0.03,0.21,0.22,0.32,0.01,112,0.1,4.9,0.9,Fa0125,Pa043,Ma0332,
Ra00360,"Cucumber, large, pickled",Fruit/vegetable products,3.07,1.15,0.08,0.92,0.64,0.29,0.01,311,0.5,16.5,0.5,Fa0237,Pa042,Ma0332,
Ra00361,"Tomato, peeled, canned",Fruit/vegetable products,1.06,0.30,0.02,0.20,0.22,0.30,0.01,90,0.3,3,1.2,Fa0123,Pa043,Ma0332,
Ra00362,"Beet, red, canned",Fruit/vegetable products,0.86,0.30,0.02,0.20,0.22,0.11,0.01,255,0.3,11.9,1,Fa0126,Pa043,Ma0332,
Ra00363,"Potato, canned",Fruit/vegetable products,0.99,0.41,0.03,0.20,0.22,0.12,0.01,236,0.2,10.9,1.4,Fa0127,Pa043,Ma0332,
Ra00364,Potato crisps,Prepared/preserved foods,4.24,0.77,-0.01,3.01,0.26,0.21,0.01,2221,31.9,44.9,5.4,Fa0208,Pa066,Ma0332,
Ra00365,"Bamboo shoots, canned, nonsalted",Fruit/vegetable products,1.37,0.57,0.05,0.24,0.22,0.28,0.01,106,0.1,3.2,2.6,Fa0128,Pa043,Ma0332,
Ra00366,"Mushroom, canned",Fruit/vegetable products,0.62,0.09,0.01,0.20,0.22,0.08,0.01,92,0.5,0,2.5,Fa0129,Pa043,Ma0332,
Ra00367,"French fries, deepfried, fast food",Fruit/vegetable products,2.85,0.50,-0.01,1.95,0.26,0.14,0.00,1300,14.8,39,3.7,Fa0209,Pa066,Ma0333,
Ra00368,"Tomato paste, concentrated",Fruit/vegetable products,2.67,1.00,0.06,0.51,0.78,0.31,0.01,375,0.5,14.8,4.3,Fa0090,Pa037,Ma0332,
Ra00369,"Tomato ketchup, bottled",Seasonings/preservatives/extracts,2.12,0.96,0.07,0.59,0.42,0.08,0.01,479,2.4,18.4,3,Fa0087,Pa063,Ma0332,
Ra00370,"Beans, baked i tomato sauce, canned",Fruit/vegetable products,1.72,0.69,0.08,0.20,0.63,0.12,0.01,371,0.5,9.6,5.1,Fa0236,Pa051,Ma0332,
Ra00371,Potato flour,Fruit/vegetable products,1.68,1.00,0.07,0.14,0.20,0.26,0.01,1455,0.1,85,0.2,Fa0238,Pa018,Ma0332,
Ra00372,"Peas, green, canned",Fruit/vegetable products,2.36,1.48,0.15,0.20,0.22,0.30,0.01,314,0.8,7.7,5.9,Fa0130,Pa043,Ma0332,
Ra00373,Soya sauce,Seasonings/preservatives/extracts,1.88,0.60,0.08,0.27,0.85,0.08,0.01,237,0,7,6.9,Fa0186,Pa057,Ma0332,
Ra00374,"Sauce, barbeque",Seasonings/preservatives/extracts,2.26,0.91,0.07,0.72,0.42,0.14,0.01,623,0.3,35.8,0,Fa0239,Pa063,Ma0332,
Ra00375,"Wine, white, average values",Beverages,1.65,0.66,0.08,0.45,0.41,0.04,0.01,344,0,2.6,0.1,Fa0014,Pa007,Ma0332,
Ra00376,"Wine, rosé",Beverages,1.65,0.66,0.08,0.45,0.41,0.04,0.01,297,0,1.4,0.2,Fa0014,Pa007,Ma0332,
Ra00377,"Wine, red",Beverages,1.65,0.66,0.08,0.45,0.41,0.04,0.01,321,0,0.3,0.2,Fa0014,Pa007,Ma0332,
Ra00378,"Wine, white, sparkling, champagne",Beverages,1.65,0.66,0.08,0.45,0.41,0.04,0.01,316,0,1.4,0.3,Fa0014,Pa007,Ma0332,
Ra00379,"Yeast, baker`s, compressed",Bread/bakery products,1.18,0.00,0.04,0.92,0.20,0.02,0.00,479,1.9,0,8.4,Fa0303,Pa018,Ma0333,
Ra00380,Cocktail sausages,Meat/poultry,2.16,1.82,0.11,0.12,0.02,0.09,0.00,1349,28,3.4,15,Fa0059,Pa022,Ma0333,
Ra00381,Pesto,Seasonings/preservatives/extracts,4.24,1.81,0.08,1.15,0.64,0.56,0.01,1547,35,10,4.7,Fa0122,Pa042,Ma0332,
Ra00382,"Lasagne, beef, ready meals",Prepared/preserved foods,12.16,9.29,2.24,-0.24,0.64,0.23,0.00,521,5.3,12,6.8,Fa0183,Pa070,Ma0333,
Ra00383,"Lasagne, vegetarian, ready meals",Prepared/preserved foods,1.53,0.65,-0.09,0.22,0.64,0.10,0.00,324,3,9.5,2.6,Fa0184,Pa070,Ma0333,
Ra00384,"Daal, ready meals",Prepared/preserved foods,2.11,0.94,0.13,0.27,0.64,0.13,0.00,448,2.8,14,5.6,Fa0185,Pa070,Ma0333,
Ra00385,"Sushi, ready meals",Prepared/preserved foods,2.30,1.06,0.09,0.39,0.64,0.11,0.00,718,5.6,23,6.7,Fa0187,Pa070,Ma0333,
Ra00386,Minced chicken,Meat/poultry,5.71,5.01,0.36,-0.09,0.14,0.28,0.00,621,8.5,0,18,Fa0053,Pa059,Ma0333,
Ra00387,Pizza dough,Bread/bakery products,1.07,0.70,0.05,0.01,0.26,0.06,0.00,935,1.4,44.2,6.8,Fa0188,Pa066,Ma0333,
Ra00388,"Fresh pasta, fettucine spinach",Prepared/preserved foods,1.53,0.96,0.08,0.17,0.23,0.09,0.00,1120,2.5,48,11,Fa0189,Pa002,Ma0333,
Ra00389,Tuna salad,Seasonings/preservatives/extracts,2.06,0.14,0.08,1.48,0.24,0.12,0.00,766,14,5.1,9.4,Fa0271,Pa017,Ma0333,
Ra00390,Egg salad,Prepared/preserved foods,1.50,0.51,0.04,0.58,0.24,0.12,0.00,982,22,3.7,6.3,Fa0191,Pa017,Ma0333,
Ra00391,Meatballs,Meat/poultry,3.61,3.03,0.17,-0.01,0.26,0.14,0.02,908,15,6.5,14,Fa0272,Pa066,Ma0334,
Ra00392,"Hummus, done",Seasonings/preservatives/extracts,2.26,1.60,0.21,0.03,0.24,0.18,0.00,1165,20,16,7.7,Fa0192,Pa017,Ma0333,
Ra00393,"Lasagne, vegan, ready meals",Prepared/preserved foods,1.46,0.51,0.00,0.22,0.64,0.09,0.00,476,4,13,5.7,Fa0194,Pa070,Ma0333,
Ra00394,"Pancakes, ready meals",Prepared/preserved foods,2.44,1.14,-0.03,0.51,0.67,0.14,0.01,1113,9.6,36.5,7.5,Fa0195,Pa024,Ma0332,
Ra00395,Potato gratin / cream potatoes,Fruit/vegetable products,1.07,0.37,-0.01,0.35,0.26,0.10,0.00,505,7.4,12,1.6,Fa0267,Pa066,Ma0333,
Ra00396,Kebab,Meat/poultry,53.92,43.61,11.31,-2.03,0.26,0.76,0.02,697,6,2.5,25,Fa0293,Pa066,Ma0334,
Ra00397,"Icetea, peach",Beverages,0.94,0.46,0.04,0.08,0.13,0.21,0.01,140,0,8,0,Fa0268,Pa020,Ma0332,
Ra00398,Energy drink,Beverages,0.58,0.15,0.02,0.16,0.17,0.07,0.01,195,0,11,0,Fa0011,Pa005,Ma0332,
Ra00399,"Alcoholic soda, 4%",Beverages,0.90,0.47,0.03,0.13,0.20,0.07,0.01,67,0,9,0,Fa0010,Pa003,Ma0332,
Ra00400,"Salsa, hot",Fruit/vegetable products,1.42,0.33,0.03,0.25,0.64,0.17,0.01,130,0.1,5.5,1.2,Fa0240,Pa042,Ma0332,
Ra00401,"Tortilla bread, wheat",Bread/bakery products,1.16,0.87,0.06,0.11,0.04,0.07,0.01,1300,7.5,51,8,Fa0001,Pa001,Ma0332,
Ra00402,Pizzasauce,Fruit/vegetable products,1.92,0.52,0.04,0.54,0.78,0.04,0.01,150,0.5,5.4,1.6,Fa0197,Pa037,Ma0332,
Ra00403,Pastasauce,Fruit/vegetable products,1.92,0.52,0.04,0.54,0.78,0.04,0.01,128,0.2,4.5,1.3,Fa0198,Pa037,Ma0332,
Ra00404,Coconut milk,Fruit/vegetable products,6.33,5.05,0.50,0.24,0.22,0.31,0.01,764,19,2,1.6,Fa0199,Pa043,Ma0332,
Ra00405,"Garlic baguette, frozen",Prepared/preserved foods,1.44,0.74,0.03,0.53,0.04,0.07,0.02,1244,14,36,5.7,Fa0200,Pa001,Ma0334,
Ra00406,"Muesli bar, chocolate",Cereal/grain/pulse products,3.01,1.59,0.00,0.70,0.58,0.14,0.01,1910,17.6,65.8,6.8,Fa0156,Pa065,Ma0332,
Ra00407,Cup noodles chicken,Prepared/preserved foods,1.89,1.13,0.09,0.30,0.26,0.10,0.01,335,3.4,10.3,1.9,Fa0201,Pa068,Ma0332,
Ra00408,Sliced mushrooms,Fruit/vegetable products,0.32,0.09,0.01,0.00,0.14,0.08,0.00,76,0.4,0.2,2.1,Fa0202,Pa059,Ma0333,
Ra00409,Microwave popcorn,Fruit/vegetable products,1.81,0.55,0.00,0.93,0.26,0.06,0.01,1936,25,46.4,8.4,Fa0203,Pa066,Ma0332,
Ra00410,Thai meal panang curry chicken,Prepared/preserved foods,3.61,2.45,0.23,0.12,0.64,0.16,0.00,638,4.6,21,6.1,Fa0204,Pa070,Ma0333,
Ra00411,"French fries, frost",Fruit/vegetable products,0.80,0.51,0.04,0.02,0.06,0.14,0.02,609,4.4,23,2.4,Fa0205,Pa040,Ma0334,
Ra00412,Pancake puffs,Bread/bakery products,1.54,1.21,-0.14,0.07,0.26,0.14,0.01,878,6.5,31,6,Fa0196,Pa066,Ma0332,
Ra00413,"Chickpeas, canned",Fruit/vegetable products,1.15,0.61,0.09,0.14,0.22,0.08,0.01,303,1,9,4,Fa0135,Pa043,Ma0332,
Ra00414,"Green beans, frost",Vegetables,2.16,1.67,0.11,0.03,0.06,0.26,0.02,140,0,4.1,2,Fa0106,Pa040,Ma0334,
Ra00415,"Tortilla chips, cheese",Prepared/preserved foods,2.43,1.03,-0.01,1.05,0.26,0.09,0.01,2041,25.6,55.5,6.7,Fa0206,Pa066,Ma0332,
Ra00416,Asparagus slices,Fruit/vegetable products,1.79,1.03,0.09,0.28,0.22,0.16,0.01,69,0.1,2.2,1.3,Fa0294,Pa043,Ma0332,
Ra00417,Corn cob,Vegetables,0.98,0.73,0.06,0.00,0.14,0.05,0.01,443.8,2.4,22,3.1,Cm093,Pa059,Ma0332,
Ra00418,"Arugula salad, rinsed",Prepared/preserved foods,0.57,0.25,0.03,0.00,0.26,0.03,0.00,146,0.7,3.7,2.6,Cm173,Pa066,Ma0333,
Ra00419,Olive tapenade,Fruit/vegetable products,2.77,1.42,0.20,0.31,0.64,0.20,0.01,1040,25.1,3.6,1.4,Fa0241,Pa042,Ma0332,
Ra00420,Stuffed fresh pasta,Prepared/preserved foods,1.88,1.16,-0.17,0.55,0.23,0.11,0.00,1021,6,36,11,Fa0190,Pa002,Ma0333,
Ra00421,Pepperoni,Meat/poultry,5.70,4.16,0.18,1.15,0.02,0.17,0.01,2153,49,1,19,Fa0061,Pa022,Ma0332,
Ra00422,Kidney beans,Fruit/vegetable products,1.17,0.35,0.05,0.46,0.22,0.07,0.01,299,1,9,5,Fa0242,Pa043,Ma0332,
Ra00423,"Chicken, whole",Meat/poultry,3.27,2.71,0.18,-0.01,0.14,0.25,0.00,635,8.9,0.5,18,Fa0049,Pa059,Ma0333,
Ra00424,"Chorizo, sliced",Meat/poultry,5.96,4.16,0.17,1.12,0.02,0.49,0.00,1202,21,1,24,Fa0062,Pa022,Ma0333,
Ra00425,Potato salad,Fruit/vegetable products,1.25,0.34,0.03,0.53,0.24,0.11,0.00,625,10,12,2,Fa0243,Pa017,Ma0333,
Ra00426,Cider 4.5%,Beverages,1.15,0.38,0.03,0.39,0.20,0.14,0.01,237,0,7.3,0,Fa0009,Pa003,Ma0332,
Ra00427,"Falafel, frost",Fruit/vegetable products,2.11,0.96,0.17,0.20,0.64,0.11,0.02,1220,12,24,7.5,Fa0244,Pa070,Ma0334,
Ra00428,"Potato hotchpotch, beef, ready meals",Prepared/preserved foods,18.91,14.49,3.73,0.13,0.26,0.29,0.02,616,5.2,14,10,Fa0273,Pa066,Ma0334,
Ra00429,"Potato hotchpotch, mixed meat, ready meals",Prepared/preserved foods,12.55,8.51,2.02,1.49,0.26,0.25,0.02,595,6.5,15,5,Fa0274,Pa066,Ma0334,
Ra00430,Vegetable steaks,Fruit/vegetable products,1.52,0.74,0.10,0.27,0.24,0.14,0.02,781,8,23.2,3.6,Fa0246,Pa069,Ma0334,
Ra00431,"Spring rolls, vegetables, ready meals",Prepared/preserved foods,3.11,1.46,0.12,0.74,0.64,0.15,0.00,723,7,22,3.7,Fa0168,Pa070,Ma0333,
Ra00432,"Spring rolls, chicken, ready meals",Prepared/preserved foods,2.58,0.88,0.13,0.79,0.64,0.12,0.02,630,4.7,19.2,6.5,Fa0169,Pa070,Ma0334,
Ra00433,"Spring rolls, beef, ready meals",Prepared/preserved foods,5.36,3.17,0.80,0.59,0.64,0.13,0.02,637,4.9,19.3,6.4,Fa0170,Pa070,Ma0334,
Ra00434,"Meatballs in curry with rice and curry sauce, ready meals",Prepared/preserved foods,2.35,1.22,0.10,0.27,0.64,0.09,0.02,538,6.5,13,4.5,Fa0275,Pa070,Ma0334,
Ra00435,"Leek pie with bacon, ready meals",Prepared/preserved foods,1.42,0.78,-0.08,0.40,0.21,0.08,0.02,1044,16,19,6,Fa0247,Pa038,Ma0334,
Ra00436,"Croque monsieur, ready meals",Prepared/preserved foods,1.60,1.61,-0.37,-0.04,0.26,0.14,0.00,1159,9.6,35,12,Fa0248,Pa066,Ma0333,
Ra00437,Capers,Fruit/vegetable products,1.05,0.23,0.03,0.20,0.22,0.35,0.01,97,0.9,4.7,1.9,Fa0132,Pa043,Ma0332,
Ra00438,Baby corn,Fruit/vegetable products,0.69,0.16,0.03,0.14,0.31,0.03,0.01,109,0.1,4,1.4,Fa0134,Pa044,Ma0332,
Ra00439,Black beans,Fruit/vegetable products,1.17,0.35,0.05,0.46,0.22,0.07,0.01,303,0.6,8,5.3,Fa0242,Pa043,Ma0332,
Ra00440,Half peaches in juice,Fruit/vegetable products,1.65,0.71,0.05,0.24,0.22,0.42,0.01,208,0.1,11.2,0.5,Fa0249,Pa043,Ma0332,
Ra00441,Marinated artichokes,Fruit/vegetable products,4.15,2.07,0.11,0.71,0.64,0.62,0.01,278,5.5,2.6,1.8,Fa0250,Pa042,Ma0332,
Ra00442,Cornichons,Fruit/vegetable products,3.07,1.15,0.08,0.92,0.64,0.29,0.01,110,1.3,2.2,1,Fa0237,Pa042,Ma0332,
Ra00443,Garlic in oil,Fruit/vegetable products,2.46,0.72,0.04,0.76,0.64,0.30,0.01,1014,9.8,31.5,6.2,Fa0251,Pa042,Ma0332,
Ra00444,Half pears in juice,Fruit/vegetable products,1.23,0.45,0.04,0.24,0.22,0.27,0.01,191,0.1,10.5,0.3,Fa0252,Pa043,Ma0332,
Ra00445,Marinated grilled peppers,Fruit/vegetable products,2.53,0.47,0.03,1.05,0.64,0.34,0.01,159,0.9,5.5,0.9,Fa0253,Pa042,Ma0332,
Ra00446,"Tahin, sesame paste",Seasonings/preservatives/extracts,7.70,5.86,0.76,0.09,0.64,0.35,0.01,2784,61.4,10.5,21,Fa0255,Pa042,Ma0332,
Ra00447,Sundried tomatoes,Fruit/vegetable products,2.72,2.04,0.09,0.00,0.26,0.33,0.01,851,15.3,12.2,2.7,Fa0152,Pa066,Ma0332,
Ra00448,"Red lentils, dried",Fruit/vegetable products,3.08,2.42,0.25,0.00,0.20,0.19,0.01,1520,6.9,49,20,Cm089,Pa018,Ma0332,
Ra00449,"Ajvar, relish",Seasonings/preservatives/extracts,2.96,1.33,0.08,0.26,0.64,0.65,0.01,417,6,13,1,Fa0295,Pa042,Ma0332,
Ra00450,Vegan bean paste,Fruit/vegetable products,2.14,1.12,0.12,0.06,0.64,0.20,0.01,1001,7.6,29,9.7,Fa0254,Pa042,Ma0332,
Ra00451,"Plant paste, pea protein and mushroom",Fruit/vegetable products,0.93,0.49,0.06,0.02,0.24,0.11,0.00,887,16,5.1,11,Fa0256,Pa017,Ma0333,
Ra00452,Chilli cheese tops,Prepared/preserved foods,1.43,1.56,-0.51,-0.03,0.24,0.16,0.02,1064,13,25,8.5,Fa0258,Pa069,Ma0334,
Ra00453,Mozarella sticks,Prepared/preserved foods,1.60,2.67,-1.33,-0.35,0.35,0.26,0.00,1341,18,20,18,Fa0083,Pa034,Ma0333,
Ra00454,"Chili con carne, ready meals",Prepared/preserved foods,30.41,23.70,6.13,-1.07,1.18,0.47,0.00,341,4,4.8,6,Fa0259,Pa052,Ma0333,
Ra00455,"Vegan balls, soy based",Prepared/preserved foods,0.66,0.05,0.04,0.22,0.26,0.07,0.02,750,10,3.9,15,Fa0296,Pa066,Ma0334,
Ra00456,"Vegan schnitzels, soy based",Prepared/preserved foods,1.87,0.46,0.07,0.94,0.26,0.12,0.02,963,13,13,13,Fa0297,Pa066,Ma0334,
Ra00457,"Vegan burgers, soy based",Prepared/preserved foods,0.69,0.08,0.04,0.21,0.26,0.07,0.02,692,9,3.9,15,Fa0298,Pa066,Ma0334,
Ra00458,"Vegan minced, pea based",Prepared/preserved foods,0.88,0.39,0.09,0.15,0.14,0.12,0.00,880,11,9.6,18,Fa0299,Pa059,Ma0333,
Ra00459,"Vegan sausages, soy based",Prepared/preserved foods,1.43,0.08,0.04,0.95,0.26,0.08,0.02,743,11,4.3,13,Fa0300,Pa066,Ma0334,
Ra00460,"Vegan nuggets, soy based",Prepared/preserved foods,1.95,0.25,0.09,0.87,0.64,0.07,0.02,903,10,15,14,Fa0301,Pa070,Ma0334,
Ra00461,Vegan pulled beans,Prepared/preserved foods,1.89,0.01,0.12,1.07,0.64,0.03,0.02,586,0.5,2.3,27.4,Fa0276,Pa070,Ma0334,
Ra00462,Pulled pork,Meat/poultry,4.52,3.57,0.26,-0.10,0.64,0.15,0.00,534,6.4,1.5,16,Fa0277,Pa070,Ma0333,
Ra00463,Pulled beef,Meat/poultry,56.34,45.24,11.80,-2.12,0.64,0.78,0.00,511,3.6,4,18,Fa0278,Pa070,Ma0333,
Ra00464,Vegan chorizo,Prepared/preserved foods,1.68,0.07,0.11,0.77,0.64,0.06,0.02,744,10.4,4.1,14.6,Fa0269,Pa070,Ma0334,
Ra00465,Rice noodles,Prepared/preserved foods,4.93,3.99,0.16,0.18,0.23,0.37,0.01,1515,1.2,82,5.1,Fa0257,Pa002,Ma0332,
Ra00466,Jalapenos,Fruit/vegetable products,1.51,0.72,0.03,0.21,0.22,0.32,0.01,138,0.5,6,1,Fa0125,Pa043,Ma0332,
Ra00467,Taco shells,Prepared/preserved foods,2.37,0.96,0.02,1.04,0.26,0.09,0.01,2000,21.6,63.8,5.9,Fa0207,Pa066,Ma0332,
Ra00468,Mango chutney,Seasonings/preservatives/extracts,3.12,1.44,0.10,0.50,0.64,0.44,0.01,940,0,55,0,Fa0260,Pa042,Ma0332,
Ra00469,Green curry paste,Seasonings/preservatives/extracts,2.06,0.60,0.05,0.40,0.78,0.23,0.01,662,12,8.7,1.6,Fa0089,Pa037,Ma0332,
Ra00470,"Noodles, eggs",Prepared/preserved foods,1.74,1.16,0.09,0.17,0.23,0.09,0.01,1477,2.1,68,14.3,Fa0007,Pa002,Ma0332,
Ra00471,Rice pancakes,Cereal/grain/pulse products,4.50,3.10,0.17,0.29,0.67,0.27,0.01,1430,0.5,77.4,5.8,Fa0171,Pa024,Ma0332,
Ra00472,"Vegan ice cream, oats",Prepared/preserved foods,2.31,1.22,0.21,0.20,0.51,0.14,0.02,888,9.9,27.3,1.2,Fa0102,Pa039,Ma0334,
Ra00473,Vegan mayo,Seasonings/preservatives/extracts,2.67,0.17,0.01,1.55,0.64,0.29,0.01,2572,68.8,0.9,0.6,Fa0279,Pa042,Ma0332,
Ra00474,Mushroom burger,Prepared/preserved foods,1.34,0.09,0.07,0.48,0.64,0.06,0.00,679,7.1,4.1,19,Fa0261,Pa070,Ma0333,
Ra00475,Vegan cold cuts,Fruit/vegetable products,2.67,1.67,0.10,0.51,0.02,0.36,0.00,680,14,1.3,7.8,Fa0302,Pa022,Ma0333,
Ra00476,Vegan block,Milk/eggs/substitute products,2.60,0.00,-0.02,2.30,0.24,0.08,0.00,2804,75,0.5,0.5,Fa0024,Pa017,Ma0333,
Ra00477,Magarine,Oils/fats edible,2.49,0.00,-0.04,2.11,0.24,0.18,0.00,2237,60,0.5,0.5,Fa0023,Pa017,Ma0333,
Ra00478,Vegan bacon,Prepared/preserved foods,0.35,0.06,0.03,0.08,0.14,0.03,0.00,880,5.9,3.2,35.3,Fa0262,Pa059,Ma0333,
Ra00479,Vegan fillet pieces,Prepared/preserved foods,1.78,0.01,0.11,0.95,0.64,0.05,0.02,655,4.7,1.2,22.5,Fa0263,Pa070,Ma0334,
Ra00480,Falafel mince,Prepared/preserved foods,2.06,0.96,0.17,0.18,0.64,0.11,0.00,655,4.1,20,6.5,Fa0245,Pa070,Ma0333,
Ra00481,Pea drink,Milk/eggs/substitute products,0.71,0.12,0.03,0.38,0.10,0.07,0.01,45,3.1,3.8,0.5,Fa0148,Pa048,Ma0332,
Ra00482,Portobello mushroom,Vegetables,0.26,0.06,0.01,0.00,0.14,0.04,0.01,137,1.5,5.1,2.5,Cm101,Pa059,Ma0332,
Ra00483,"Food grain, kamut",Cereal/grain/pulse products,1.87,1.32,0.10,0.16,0.20,0.09,0.01,1390,2,63.5,13.9,Fa0027,Pa018,Ma0332,
Ra00484,Chili Sauce,Seasonings/preservatives/extracts,2.10,0.81,0.06,0.36,0.64,0.23,0.01,975,0.7,55.1,0.6,Fa0264,Pa042,Ma0332,
Ra00485,Red onion,Vegetables,0.81,0.56,0.04,0.00,0.06,0.14,0.01,209,0.3,10,1.6,Cm115,Pa040,Ma0332,
Ra00486,"Basil, fresh",Vegetables,0.38,0.25,0.03,0.00,0.06,0.03,0.01,92.11,0.6,2.7,3.2,Cm173,Pa040,Ma0332,
Ra00487,"Basil, dried",Seasonings/preservatives/extracts,2.80,0.00,0.05,0.00,2.71,0.02,0.01,1012,4,10.1,23,Fa0152,Pa055,Ma0332,
Ra00488,Cold buttermilk soup,Milk/eggs/substitute products,0.87,0.63,-0.20,0.18,0.13,0.11,0.01,315,2.2,11,3.2,Fa0280,Pa020,Ma0332,
Ra00489,"Beef, low fat ",Meat/poultry,53.19,44.39,11.61,-3.65,0.14,0.70,0.00,570,5.5,0.5,21,Fa0040,Pa059,Ma0333,
Ra00490,Grilled sausages,Meat/poultry,2.16,1.82,0.11,0.12,0.02,0.09,0.00,1201,25,4,12,Fa0059,Pa022,Ma0333,
Ra00491,Apple juice,Beverages,1.68,0.54,0.04,0.60,0.31,0.18,0.01,183,0.5,10,0.5,Fa0032,Pa021,Ma0332,
Ra00492,Minced lamb,Meat/poultry,34.73,34.99,3.99,-4.82,0.14,0.43,0.00,639,14,0,20,Fa0055,Pa059,Ma0333,
Ra00493,Burger buns,Bread/bakery products,1.16,0.87,0.06,0.11,0.04,0.07,0.01,1258,5.6,53,8.6,Fa0001,Pa001,Ma0332,
Ra00494,Blue cheese,Milk/eggs/substitute products,1.60,2.67,-1.33,-0.35,0.35,0.26,0.00,1623,36,0.1,17,Fa0083,Pa034,Ma0333,
Ra00495,Goat cheese,Milk/eggs/substitute products,1.60,2.67,-1.33,-0.35,0.35,0.26,0.00,1393,28,1,20,Fa0083,Pa034,Ma0333,
Ra00496,"Vegan cheese, grated or sliced",Milk/eggs/substitute products,1.00,0.23,0.14,0.23,0.35,0.04,0.01,1037,17,22.8,1.3,Fa0193,Pa034,Ma0332,
Ra00497,"Samosa, vegetarian frost",Prepared/preserved foods,1.28,0.54,0.06,0.34,0.24,0.08,0.02,791,10.2,21.3,3,Fa0265,Pa069,Ma0334,
Ra00498,Cold chocolate,Candy/sugar products,4.99,2.35,-0.51,2.42,0.37,0.35,0.01,2403,40,44,8.9,Fa0136,Pa045,Ma0332,
Ra00499,"Nutella, nut cream",Candy/sugar products,5.16,3.00,0.09,1.26,0.42,0.39,0.01,2278,31.6,57.6,6,Fa0114,Pa053,Ma0332,
Ra00500,"Smoothie, strawberry blueberry",Beverages,1.84,0.94,0.06,0.10,0.31,0.42,0.00,183,0,9.5,0.4,Fa0029,Pa021,Ma0333,
Ra00501,Average pork,Meat/poultry,4.69,4.35,0.25,-0.23,0.14,0.19,0.00,1050,20,0,18,Fa0322,Pa059,Ma0333,
Ra00502,Average chicken,Meat/poultry,3.27,2.71,0.18,-0.01,0.14,0.25,0.00,840,8,0,27,Fa0049,Pa059,Ma0333,
Ra00503,Average beef,Meat/poultry,74.84,60.82,15.81,-2.97,0.14,1.05,0.00,1060,15,0,20,Fa0033,Pa059,Ma0333,
Ra00504,Gazpacho,Prepared/preserved foods,,,,,,,,180,1.5,4,1.5,Fa0457,Pa020,Ma0333,
Ra00505,Tortilla de patatas,Prepared/preserved foods,,,,,,,,800,15,18,6,Fa0458,Pa038,Ma0333,
Ra00506,"Churros, frozen",Prepared/preserved foods,,,,,,,,1140,9,43,4,Fa0459,Pa040,Ma0334,
Ra00507,"Turron, hard",Prepared/preserved foods,,,,,,,,2050,32,43,11,Fa0460,Pa066,Ma0332,
Ra00508,"Turron, soft",Prepared/preserved foods,,,,,,,,2080,30,46,9,Fa0461,Pa066,Ma0332,
Ra00509,"Turron, egg yolk",Prepared/preserved foods,,,,,,,,1970,26,50,9,Fa0462,Pa066,Ma0332,
Ra00510,"Serrano dry -cured ham, sliced",Meat/poultry,,,,,,,,1080,18,1,29,Fa0463,Pa073,Ma0332,
Ra00511,"Iberian dry-cured ham, sliced",Meat/poultry,,,,,,,,1300,22,1,29,Fa0464,Pa074,Ma0332,
Ra00512,Sobrasada,Meat/poultry,,,,,,,,2450,57,3,20,Fa0465,Pa017,Ma0333,
Ra00513,"Anchovy fillets, in olive oil",Seafood ,,,,,,,,900,12,0,26,Fa0466,Pa075,Ma0332,
Ra00514,Salmorejo,Prepared/preserved foods,,,,,,,,480,7,4,2.5,Fa0467,Pa020,Ma0333,
Ra00515,"Seafood paella, frozen",Prepared/preserved foods,,,,,,,,550,5,15,7,Fa0468,Pa040,Ma0334,
Ra00516,"Mixed salad, ready meal",Fruit/vegetable products,,,,,,,,300,2,8,2,Fa0469,Pa066,Ma0333,
Ra00517,Bottled still water,Beverages ,0.49,0.00,0.01,0.00,0.12,0.35,0.01,0,0,0,0,Fa0470,Pa076,Ma0332,
Ra00518,Horchata,Prepared/preserved foods,,,,,,,,440,3,18,1,Fa0471,Pa021,Ma0333,
Ra00519,Croissants,Bread/bakery products ,,,,,,,,1680,21,45,7,Fa0472,Pa001,Ma0332,
Ra00520,Camembert,Milk/eggs/substitute products ,,,,,,,,1210,24,0.5,21,Fa0473,Pa034,Ma0333,
Ra00521,Pâté,Prepared/preserved foods,5.20,2.49,0.12,1.09,1.18,0.33,0.00,1280,28,1,14,Fa0474,Pa052,Ma0333,
Ra00522,Crème Brûlée,Prepared/preserved foods,,,,,,,,980,11,25,4,Fa0475,Pa077,Ma0333,
Ra00523,"Cassoulet, canned",Prepared/preserved foods,,,,,,,,590,6,12,8,Fa0476,Pa043,Ma0332,
Ra00524,Pain au chocolat,Bread/bakery products ,,,,,,,,1620,22,42,7,Fa0477,Pa001,Ma0332,
Ra00525,White ham,Meat/poultry,,,,,,,,620,3,1,22,Fa0478,Pa022,Ma0333,
Ra00526,Smoked ham,Meat/poultry,,,,,,,,750,6,1,21,Fa0479,Pa022,Ma0333,
Ra00527,Sausages like chipolatas,Meat/poultry,,,,,,,,1200,23,0,17,Fa0480,Pa022,Ma0333,
Ra00528,Dry sausage,Meat/poultry,,,,,,,,1800,35,0,28,Fa0481,Pa022,Ma0333,
Ra00529,Madeleine,Bread/bakery products ,,,,,,,,2000,28,48,6,Fa0482,Pa031,Ma0332,
Ra00530,Baguette,Bread/bakery products ,,,,,,,,1050,1,56,8,Fa0483,Pa001,Ma0332,
Ra00531,"Foie gras, terrine",Meat/poultry,,,,,,,,1800,35,2,7,Fa0486,Pa060,Ma0333,
Ra00532,"Foie gras, cru",Meat/poultry,,,,,,,,1760,40,2,6,Fa0487,Pa070,Ma0333,
Ra00533,Hagelslag,Candy/sugar products ,,,,,,,,2000,22,65,4,Fa0488,Pa060,Ma0332,
Ra00534,Volkoren bread,Bread/bakery products ,,,,,,,,980,3,40,7,Fa0489,Pa070,Ma0332,
Ra00535,Dropjes,Candy/sugar products ,,,,,,,,1400,0,85,0,Fa0490,Pa066,Ma0332,
Ra00536,Speculaas,Bread/bakery products ,,,,,,,,2000,25,66,5,Fa0491,Pa001,Ma0332,
Ra00537,Gouda cheese,Milk/eggs/substitute products ,,,,,,,,1660,33,2,24,Fa0492,Pa066,Ma0333,
Ra00538,Fruit syrup,Candy/sugar products ,,,,,,,,1000,0,60,0,Fa0493,Pa024,Ma0332,
Ra00539,Rookworst,Meat/poultry,,,,,,,,1100,23,2,12,Fa0494,Pa034,Ma0333,
Ra00540,"Herring, pickled, jar glass in NL",Seafood ,,,,,,,,840,17,1,14,Fa0495,Pa021,Ma0333,